-0.00579398;-0.00104764;0.00716809;0.00196307;0.0354246;-0.007622;0.0786503;0.0312907;0.0136674;-0.00581337;0.0140455;0.00815357;-0.00228121;0.00138942;0.00278938;0.00147617;-0.000706358;0.00643248;0.0372099;0.015033;-0.224269;0.0654656;0.408586;0.130141;0.376851;-0.112443;0.388073;0.153418;-0.000324498;-0.000134633;0.00400054;0.0038332;0.0268618;-0.0120052;0.0347433;0.0324398;-0.21662;0.0903886;0.286223;0.158127;0.313525;0.16027;0.3137;0.164854;-0.0138817;-0.0116889;0.0186556;0.0126039;0.00205525;-0.00272863;0.00222618;0.00274181;0.0377805;-0.0159535;0.0561957;0.0358107;-0.000203578;-0.00184485;0.00540995;0.00347792;-0.00949429;-0.00512062;0.0100629;0.00523951
0.000173818;-0.000114256;0.000411691;0.000308867;-0.000399805;0.000107877;0.00288327;0.00312535;0.0670623;-0.00836866;0.06786;0.0101119;-0.000211081;0.0001134;0.000242694;0.000225241;0.000673922;-0.00213688;0.00285613;0.00308092;-0.0140038;-0.023918;0.0210412;0.0338196;0.453805;-0.0529367;0.459059;0.0595495;-0.0021039;0.000517845;0.00219846;0.00190278;0.0293857;0.0444097;0.0470594;0.0545303;-0.0708514;0.244472;0.125765;0.481108;0.287655;0.0652205;0.335537;0.202645;-0.00169024;0.00166157;0.00190053;0.00225581;0.000737345;-0.000760636;0.00228799;0.00143651;-0.0162411;-0.00038541;0.0216292;0.018194;0.0405532;-0.00821423;0.0409655;0.00874369;-0.00012581;0.000181475;0.000312631;0.000281711
4.01503e-05;0.000240994;0.000362225;0.000278195;-0.000479741;0.0012552;0.00306901;0.00298028;0.0664326;-0.00695532;0.0698059;0.00926927;-0.00608155;0.00545754;0.00665349;0.0055092;-0.000696429;-8.85626e-05;0.00254892;0.00219553;-0.00872467;-0.00533047;0.0243366;0.0239463;0.455465;-0.0371948;0.462788;0.045623;-0.015729;0.000937672;0.0185713;0.00739234;-0.0122307;0.0330762;0.0213266;0.0355798;-0.0181666;0.238921;0.187417;0.43227;0.329805;0.0732861;0.364563;0.16088;-0.0131073;0.00570241;0.0131073;0.00614912;0.000626966;0.000633468;0.00103952;0.00117371;-0.0267717;0.010274;0.0334047;0.0271988;0.0456311;-0.00664179;0.051863;0.0140857;-9.96181e-05;-0.000120249;0.00042025;0.000427727
0.00214666;-0.00643209;0.00477786;0.00820593;0.00687945;-0.0161298;0.0778134;0.0306492;0.0185309;0.00443149;0.0188356;0.00505454;-0.00103133;-0.000335997;0.00142514;0.000678691;0.00852148;-0.0228306;0.00978379;0.0228306;0.212172;-0.213768;0.301918;0.267391;0.23016;-0.193537;0.233429;0.22468;-0.019167;-0.00503329;0.0218978;0.00640965;-0.00237497;-0.00742473;0.0051351;0.00923163;0.050933;-0.0331667;0.0817278;0.0583223;0.495327;0.103861;0.495327;0.110356;-0.0389808;-0.0105677;0.0418641;0.0110751;-0.000183444;-0.000587092;0.000542563;0.000732984;0.0575111;0.00606674;0.0575111;0.0202994;0.0341155;0.00771283;0.0342801;0.0107811;-0.010333;-0.00241555;0.0103968;0.00247109
0.00609177;-0.00769586;0.00733429;0.00907933;-0.00363504;-0.00523206;0.0310285;0.0239915;0.0163579;0.0126899;0.0483393;0.0383633;-0.00168962;-0.00112365;0.0022705;0.00128311;-0.000827785;-0.00509833;0.00307598;0.00630692;0.0501523;-0.239134;0.173718;0.240247;0.384692;-0.124306;0.385425;0.188413;-0.0507552;-0.0212241;0.0523746;0.0214307;-0.00435828;-0.0136623;0.00448722;0.0144562;0.111534;-0.0223628;0.124714;0.0915203;0.391547;0.128714;0.471439;0.175687;-0.0834718;-0.0309718;0.0846488;0.0316876;8.84181e-05;0.000289492;0.000180337;0.000641223;0.0767432;0.0314988;0.0767521;0.0327715;-0.0290629;-0.00851416;0.0345474;0.0137704;-0.000126897;-0.000161343;0.000868932;0.000340056
-0.00572181;0.00503984;0.00584819;0.00515803;0.0305757;-0.0333642;0.0360888;0.037044;0.0403525;-0.032846;0.0414508;0.0395075;0.00033619;-0.000212085;0.000439476;0.000391914;-0.0340004;0.0176265;0.0349922;0.019364;-0.181154;0.168919;0.204344;0.180568;0.436677;-0.026483;0.436677;0.0890184;0.000433894;-0.000510093;0.00148631;0.00211531;-0.0207947;-0.00248958;0.0327148;0.0154934;-0.121895;0.19914;0.281024;0.238215;0.238385;0.160185;0.387016;0.173274;0.00137607;-0.00055644;0.00195679;0.00209369;-0.00303064;0.00271074;0.00319783;0.00298575;-0.00825839;-0.0084625;0.0288297;0.0178833;0.0203874;-0.0215267;0.0579816;0.0231016;0.000149947;-3.91894e-05;0.00018525;0.000186319
-0.000305381;-9.82386e-05;0.000387817;0.00030134;-0.0058166;-0.0517775;0.0650013;0.0563936;-0.00502468;0.0146994;0.0397953;0.0209181;-0.00446909;0.00285319;0.00449287;0.00285645;-0.0137911;-0.0055343;0.0182728;0.0190139;0.175677;0.0320962;0.599297;0.068414;-0.0146582;-0.0288481;0.269699;0.126574;-0.0268073;0.0336875;0.0402156;0.0360689;-0.0195735;0.00218204;0.0199161;0.0142958;0.111266;-0.0623103;0.576532;0.0953574;0.0738779;-0.0447326;0.302811;0.174465;-0.00275809;1.05831e-05;0.00385778;0.00246268;-0.00233318;-0.00145763;0.00282855;0.00207006;0.00287614;0.037383;0.0462683;0.0399578;0.0168603;0.0127535;0.0461264;0.0153582;-0.00138462;-0.00119619;0.00150779;0.00183703
-0.014396;-0.00246442;0.0148944;0.00280249;0.0490719;0.00192959;0.061413;0.00793248;0.0127895;0.00852927;0.0382689;0.0108929;-0.00372581;-0.00372567;0.00546007;0.00447385;-0.0996955;-0.00188779;0.105229;0.0158643;0.396997;0.0287418;0.464269;0.0531858;-0.0726413;-0.0500705;0.236078;0.0841273;0.0165782;0.0222304;0.0425608;0.0364607;-0.107137;-0.00272309;0.112876;0.0115056;0.285912;-0.0704577;0.418082;0.0938571;0.0616033;-0.09626;0.345541;0.289315;0.0102786;-0.00372716;0.0119746;0.00895859;-0.0104329;0.00191378;0.0129215;0.00369897;0.0247242;0.0291002;0.030444;0.0424873;0.0127768;0.0160171;0.0452547;0.0261624;0.00294413;0.000583073;0.00352691;0.00151862
0.0016238;-0.00212065;0.00165711;0.00295792;0.0467864;-0.0198655;0.0484735;0.0202568;-0.0285198;-0.0362725;0.0307573;0.0387449;0.00270608;-0.00181824;0.00656262;0.00423149;0.00101675;0.000988765;0.00494477;0.00760535;0.332789;0.0432967;0.425247;0.142482;-0.0135718;0.20466;0.244469;0.347463;-0.0145583;0.00511083;0.0501393;0.0247844;0.00127861;-0.00253053;0.00206662;0.0028969;0.436769;-0.0419471;0.454318;0.0603157;-0.0980699;-0.0430769;0.138772;0.0507645;0.0173718;0.00366312;0.0393618;0.0238276;0.000697925;-0.000542879;0.00111957;0.00069685;0.0666253;-0.00958289;0.0713602;0.00979238;-0.0165431;-0.00986412;0.0364013;0.0180318;-0.00287845;-0.00450202;0.0032706;0.0101026
0.0033855;0.000137308;0.00498725;0.00428636;-0.0623151;0.0158545;0.0699179;0.0227764;0.072562;0.0462477;0.072562;0.0508614;0.00025162;-6.69648e-05;0.000646345;0.000640128;0.0429717;-0.0413014;0.0433364;0.0413404;0.198365;-0.0314078;0.421349;0.311098;0.0775496;0.0607288;0.0780548;0.0661846;-0.0392294;-0.0325029;0.0439118;0.0330172;0.0022561;-0.00828976;0.00535463;0.00944852;0.482013;-0.0584804;0.483817;0.281573;-0.115675;-0.0918897;0.141253;0.0989088;-0.0587932;-0.0385551;0.0611797;0.0399995;0.00373317;0.000596637;0.00378943;0.00331701;0.0462919;0.0264183;0.0483696;0.0301122;-0.0599159;-0.0384261;0.0608558;0.0388971;0.000461404;-0.00021606;0.000566668;0.000601449
-0.0030811;0.00142844;0.00465251;0.00311172;0.00910207;0.00990672;0.0435909;0.024328;-0.00172968;0.0312463;0.0470936;0.0331652;0.000250322;0.000156974;0.00040056;0.000690328;-0.00268668;-0.00211883;0.0136754;0.0171047;-0.0568737;-0.0590867;0.227826;0.151807;0.0660809;-0.10095;0.508263;0.182567;-0.000133803;0.000285571;0.00206253;0.00127428;0.0239694;-0.0590561;0.0239791;0.0590561;-0.148031;-0.201713;0.288561;0.328727;0.332331;-0.00448743;0.450154;0.157524;0.00368799;-0.00196738;0.00426387;0.00283336;-4.24249e-05;-0.000277424;0.000376346;0.00058142;0.00226324;-0.00899098;0.00386085;0.00906768;0.0202588;-0.0405421;0.0204166;0.0409182;0.00865935;-0.00620307;0.00871779;0.00775372
-0.000606784;5.2261e-05;0.0030866;0.000879267;0.0384211;0.00586576;0.0656658;0.0290968;0.0161362;-0.00379712;0.0172804;0.0049755;0.000224652;-0.000157206;0.000389279;0.000315493;-0.0198509;0.000321216;0.0204504;0.00489493;0.290493;-0.0303592;0.496813;0.202214;0.171347;0.0354841;0.191426;0.137527;0.00123759;0.000848334;0.00215272;0.00212771;-0.0238262;0.00478897;0.0259679;0.00773527;0.499617;0.0338333;0.499617;0.161932;0.0165656;0.00593276;0.0247387;0.0116526;0.00232596;-0.00011256;0.00320828;0.00345436;-0.000348443;0.0061714;0.00951092;0.0062296;0.0324654;0.0250566;0.0331324;0.0264032;0.000802053;-0.000300439;0.00351416;0.0026907;0.000149648;-0.000125947;0.000262585;0.000512734
0.000181917;-0.000395377;0.000439936;0.000497088;0.0652798;0.0106504;0.0656688;0.0114691;-0.00886929;0.00888672;0.016959;0.0263432;0.00160818;0.00168837;0.00460905;0.00307897;0.00289464;-0.00281499;0.00502834;0.00477555;0.436512;0.0154052;0.438071;0.0612777;-0.0995857;-0.0727049;0.179824;0.170154;-0.0265051;-0.0184382;0.0324664;0.0437298;0.00514317;-0.00222127;0.00687551;0.00750385;0.202716;-0.00483442;0.374374;0.294403;0.142939;0.0227963;0.182069;0.428611;-0.0487918;0.0245743;0.0539042;0.0674335;0.00141374;0.00467053;0.00156033;0.00546386;0.0541854;0.015501;0.0557828;0.0174416;0.0016273;0.00211965;0.00284838;0.00304412;0.000237133;0.000283713;0.000293097;0.00032556
0.0144036;-0.000801358;0.0149487;0.00171989;-0.0174948;-0.00327016;0.0359243;0.00842986;0.0126842;0.00821869;0.0505954;0.0343163;-0.000191211;0.000964862;0.000741475;0.00100109;0.0714817;-0.0171989;0.088064;0.0197225;-0.16056;-0.213752;0.374527;0.223382;0.329617;-0.00343185;0.336193;0.0862771;-0.00102809;-0.000858783;0.00454405;0.00332572;0.00794848;0.00063442;0.042297;0.010385;0.269716;0.0362576;0.482632;0.229021;0.049485;-0.0297012;0.2901;0.185519;0.00502379;-0.000594382;0.0107511;0.00300396;0.000618682;0.00864889;0.00626897;0.00923545;0.0247707;0.0308254;0.0365104;0.0345112;0.00780181;0.00927731;0.0391695;0.0114202;-0.00102672;-0.000551837;0.00164815;0.00102273
0.00200341;-0.00133263;0.00238448;0.00182157;-0.0357589;-0.0179801;0.038302;0.0559038;-0.0293596;0.0731485;0.040597;0.0783806;0.00440089;0.010328;0.00446303;0.0105634;0.0223422;-0.0100841;0.0506536;0.0284911;-0.218461;-0.0702605;0.433478;0.183062;0.309715;0.0194086;0.370414;0.127449;0.00910531;0.0181992;0.00910531;0.0187097;-0.0219038;0.0133539;0.0327871;0.0217394;-0.0866623;0.0264316;0.405046;0.215921;0.310773;0.0761306;0.330401;0.0912673;-0.00124755;0.000271413;0.00436388;0.00229033;0.00260481;-0.00132656;0.00260481;0.00165624;-0.00378822;-0.0201406;0.0780875;0.0262137;0.0279105;-0.0153816;0.0374112;0.0155664;0.000509867;-0.000441844;0.000994015;0.000801224
0.000544889;-0.000824397;0.000615033;0.000944794;0.0241513;-0.0051131;0.0245011;0.00536603;0.0377518;-0.00816427;0.067592;0.0101283;-0.00180118;-0.00355898;0.00455673;0.00568207;0.00681465;-0.0077861;0.00724477;0.00846226;0.0783705;-0.0283275;0.0881067;0.0367543;0.249729;-0.183327;0.391153;0.380571;0.0155309;0.0311226;0.0409985;0.0578484;0.0155468;-0.00402036;0.0156954;0.00605546;0.0916425;0.0468027;0.105355;0.090754;0.437905;0.238679;0.437905;0.291815;0.00112245;0.00196022;0.00251023;0.00267419;0.00467975;0.011612;0.00469639;0.011623;0.0333193;0.0926174;0.0335503;0.0928389;0.00634365;0.00785536;0.00851772;0.0113775;-0.000540191;-0.00231445;0.00122918;0.00238637
5.74745e-05;-0.000111054;0.000235842;0.000454967;0.0676259;0.00556283;0.0709434;0.0118239;-0.00583678;0.0156948;0.0172482;0.0235236;-0.00270855;-0.00131453;0.00699213;0.00416394;0.00562761;-0.00196366;0.00571389;0.00376977;0.441705;0.0398099;0.453267;0.0529858;-0.133505;-0.091747;0.202094;0.114579;0.0056403;0.0142219;0.0320755;0.040974;0.0109887;-0.00126061;0.0115371;0.00370571;0.314852;-0.0786975;0.481775;0.0922484;-0.0347821;-0.057507;0.286693;0.192156;-0.0187526;-0.0183361;0.0210243;0.0622167;0.00185392;-4.69259e-05;0.00186217;0.00065484;0.0067839;-0.038633;0.0625227;0.0697871;0.0259672;-0.0418527;0.031667;0.110192;0.00131478;0.00240967;0.00590969;0.00709108
-8.22456e-05;0.000211395;0.000500226;0.00038947;0.0792487;-0.00567145;0.0822016;0.00771729;-0.000491627;0.000852296;0.0020112;0.00330872;-0.00256285;0.00010742;0.00274369;0.000939593;0.00388086;0.039643;0.0161156;0.089916;0.417448;0.232048;0.557622;0.336072;-0.0121013;0.0126953;0.0178439;0.0219285;-0.0138292;0.00569532;0.0138292;0.00629762;-0.03593;-0.00619672;0.0424614;0.0317955;0.352509;-0.150832;0.366801;0.156451;0.0372569;-0.00208647;0.052606;0.0178926;-0.00227197;0.00110735;0.00274521;0.00384253;-0.00346893;-0.00102903;0.00389773;0.00478428;0.0455141;0.00746695;0.0723799;0.0261544;0.0106706;-0.00254322;0.0179081;0.0111163;-0.000106895;0.000156475;0.000298826;0.000307477
8.03556e-05;0.000208843;0.000370859;0.000424277;0.076929;-0.00685371;0.0799959;0.00832556;-0.00236305;0.00265048;0.00240665;0.00375489;-0.00705492;-0.00036412;0.0102062;0.00556043;0.0207068;0.0468002;0.0350808;0.0601971;0.40918;0.183176;0.545927;0.354399;-0.00837023;0.0100954;0.015745;0.0211927;-0.0774767;0.0261533;0.0858597;0.0437641;-0.00991865;0.00472084;0.0371598;0.0218841;0.271349;-0.0852068;0.459335;0.155755;0.0473994;0.00745622;0.0704608;0.01988;-0.0133072;0.00798802;0.0157054;0.0129512;-0.00444268;-0.00452799;0.00464383;0.00474912;0.0322935;-0.0140804;0.0511764;0.040316;0.0131377;-0.0504852;0.021718;0.0566084;0.000673631;-0.00185256;0.00144817;0.00227304
-0.000885778;-0.000847484;0.00306567;0.0016175;0.0121807;-0.00198253;0.0538237;0.0154576;0.00994478;0.00582779;0.041845;0.0152658;-0.00137335;-0.00030169;0.00229366;0.00068345;-0.00833038;0.00870914;0.043723;0.0380477;0.270754;-0.0612478;0.562441;0.159499;0.118652;0.0286881;0.140668;0.0692545;-0.0280673;-0.00313049;0.0388758;0.00711916;-0.0152588;0.00564545;0.0431539;0.015166;0.216675;0.00349016;0.637032;0.0990259;0.150255;0.00876514;0.161552;0.059325;-0.0237168;0.00412917;0.0330373;0.00517419;-0.00304673;-0.000819082;0.00471972;0.0022453;0.0504503;0.0198227;0.0887437;0.0243555;0.00320493;0.000902641;0.00323126;0.00144154;-0.00179005;0.000384454;0.00259686;0.00220181
-0.009757;0.00680519;0.00989244;0.00695294;0.0669926;-0.0215037;0.0826369;0.0371317;0.0160592;-0.00164714;0.0165663;0.00606953;-0.000371864;-0.000141026;0.00083866;0.000371731;-0.00124602;0.00205972;0.0270976;0.0164669;0.240376;0.314936;0.571359;0.314936;0.028794;0.00034509;0.028794;0.0239202;-0.0151888;-0.00352437;0.0162749;0.00437563;-0.0108584;-0.0136949;0.0323834;0.0402233;0.206456;-0.113252;0.545564;0.170593;0.0118094;-0.0035014;0.0152013;0.01211;-0.0229285;-0.0048849;0.0252246;0.00578176;0.00123508;-0.00333192;0.0013871;0.00335218;0.0349767;-0.0571541;0.040921;0.0571541;0.0292115;-0.0257931;0.0294326;0.0282901;-0.00489168;-0.000501611;0.00552471;0.000677457
-6.80275e-05;-0.000358361;0.000741913;0.000454676;-0.00348736;0.00273454;0.00616317;0.00418829;0.0615488;0.00096684;0.0615488;0.00448188;0.000735674;-0.000425328;0.000861702;0.000594388;0.0017;-0.0129482;0.00402533;0.013409;0.000459339;-0.0947434;0.02239;0.100279;0.461007;-0.0269402;0.481243;0.050669;0.00330453;-0.00108502;0.00397243;0.0025647;-0.000967492;-0.000359741;0.00314039;0.00416813;0.0249279;0.00464337;0.0263459;0.0317383;0.504509;0.0251239;0.504792;0.036537;-0.000632732;-0.000262081;0.00122985;0.00117968;2.65359e-06;-6.58087e-05;0.000497973;0.000699329;0.00344294;0.00258009;0.00354758;0.00309468;0.0741156;8.41507e-05;0.0757908;0.00315263;0.000140614;-0.000340627;0.00032209;0.000390934
-3.37975e-05;0.0124779;0.00302192;0.0169916;-0.0480322;0.0947917;0.0494046;0.0989477;0.0711048;0.0195544;0.0845053;0.0218213;-7.50436e-05;0.000189478;0.000598645;0.00058642;-0.0157352;-0.0329412;0.0285046;0.0368261;0.0816488;-0.158045;0.152783;0.258015;0.250321;0.0727077;0.457869;0.378939;-0.000832934;0.00135459;0.00233173;0.00437985;-0.039869;0.000472254;0.0435816;0.037076;0.0709067;-0.0759572;0.0751968;0.0782963;0.426248;0.0164952;0.434872;0.0735951;0.0017314;4.41448e-05;0.00381031;0.00187526;-0.00325372;0.00548065;0.00685967;0.00918725;-0.00272227;0.00341943;0.0255871;0.0178916;0.0738191;0.0083041;0.076663;0.0132077;0.000228999;0.000465706;0.000509296;0.000485589
0.00732641;0.00507628;0.00763882;0.00507917;0.00307674;-0.00699125;0.0188429;0.0118488;-0.00679611;-0.00928607;0.0385025;0.0119468;0.00480998;-0.00122573;0.00817848;0.0024696;-0.00176141;0.00721926;0.0272702;0.0125562;-0.256928;-0.0956405;0.38039;0.120747;0.257059;-0.0578984;0.552018;0.0858783;0.0318533;0.000959661;0.0430813;0.0139312;-0.0102541;-0.0052373;0.0156129;0.00919766;-0.101319;0.131852;0.321849;0.153645;0.09875;0.105214;0.421229;0.125732;0.0436371;0.000511477;0.0594404;0.022626;-0.000915662;0.000225759;0.00165327;0.00038981;0.0148951;0.0048439;0.0160877;0.0074806;-0.0202038;-0.00269099;0.0307626;0.00402925;0.00789527;0.000338282;0.0104252;0.00275675
-0.000523247;0.000315323;0.00346919;0.000984431;-0.0123617;0.00207941;0.0286764;0.00774215;0.0248334;-0.00521232;0.0283258;0.0126198;0.000575279;1.16056e-05;0.000575279;0.00029261;0.0127697;-0.00400567;0.0196078;0.00469111;-0.272917;-0.0901153;0.291064;0.0974321;0.260492;-0.0517543;0.377993;0.34002;-0.00869411;-0.0301123;0.00869411;0.0301123;0.0160616;-0.001095;0.0226615;0.00361336;-0.241528;-0.0132535;0.301318;0.0805448;0.250141;0.057891;0.417885;0.288554;-0.0133142;-0.0073371;0.0133142;0.0209404;0.00186864;-0.000334507;0.00364488;0.00065342;0.00847206;0.00287049;0.0636556;0.012092;-0.00796477;-0.00581867;0.0559653;0.0132131;-0.000455658;0.000555908;0.000507326;0.00339159
-0.00147513;0.000392198;0.00878716;0.00129556;0.035359;-0.00548807;0.040302;0.00851513;-0.0125019;0.0012788;0.0383176;0.0534564;-0.0045836;-0.000920348;0.008432;0.00153058;-0.029859;0.00155388;0.0517342;0.00432047;0.242911;0.0362166;0.31429;0.0878049;-0.0227952;0.025041;0.364653;0.289199;-0.0243741;0.00452422;0.0602153;0.0114099;-0.0609705;-0.00711324;0.0649698;0.0109544;0.290384;-0.0497175;0.36522;0.101634;-0.0627643;-0.0976628;0.472375;0.332784;-0.0273045;-0.00397025;0.0661397;0.0123195;-0.00644872;0.00100857;0.00791656;0.00172619;0.0368848;0.00334066;0.0504724;0.0111974;-0.00140554;0.0139281;0.0449536;0.0453403;-0.00483849;0.000718756;0.0111719;0.00145333
0.00417754;-0.00121349;0.0113882;0.00161684;0.0112806;0.0306667;0.0744386;0.0512447;-0.00978751;0.00643955;0.048764;0.0140812;0.0116067;0.000914937;0.0117585;0.000957691;0.0378728;-0.00470054;0.0965324;0.0126943;0.0574914;-0.142921;0.390265;0.265573;-0.0709242;-0.0256551;0.431866;0.155959;0.0794088;0.00175514;0.0811083;0.00344771;0.0364619;0.0049754;0.0857758;0.0133415;0.0233528;0.0490685;0.442107;0.161008;-0.0222126;0.0156861;0.372388;0.323314;0.0870035;-0.000890968;0.0882678;0.00729823;0.00320577;-0.00105152;0.0103181;0.00154648;0.0039551;-0.00368553;0.061131;0.0266243;-9.65532e-05;-0.0125491;0.0408427;0.0375483;0.011817;0.000124743;0.0121745;0.000617987
0.00933266;0.0037738;0.0114308;0.00443854;0.0286351;0.00399044;0.0539508;0.00982392;-0.00471444;0.0112769;0.0447263;0.0619746;-0.00332283;-0.000850221;0.0110398;0.00147465;0.0324075;0.0133655;0.0492416;0.0140975;0.222727;0.0042215;0.442407;0.0660167;-0.0450544;0.0282638;0.308061;0.2232;-0.00620912;0.0030353;0.0923949;0.00652909;0.0171817;-0.00546688;0.0284114;0.0135118;0.261641;-0.0319574;0.491382;0.0825618;-0.0987524;-0.058743;0.42632;0.220266;0.0022845;-1.37214e-05;0.0841044;0.00643105;0.00118544;-0.000295763;0.00791218;0.00146569;0.0339977;0.00092919;0.0523101;0.0121726;-0.0127446;-0.0194763;0.0562961;0.0495208;0.00176031;-7.92824e-05;0.0107404;0.000851587
0.00189241;0.000228611;0.00277116;0.000828551;0.000596117;-0.000911974;0.0515599;0.00737964;-0.00577576;0.0281003;0.0418291;0.0574992;-0.00587318;0.000814568;0.00661442;0.00265799;0.00373365;0.00160927;0.0163713;0.00365739;0.0512945;0.0281435;0.36553;0.0721084;-0.102479;0.00314918;0.327676;0.431374;-0.00358419;-0.0127853;0.0379244;0.022284;-0.00992265;-0.00205372;0.0238149;0.00622823;-0.00067428;-0.0347222;0.412856;0.130692;0.00651046;-0.0181945;0.412697;0.414379;0.0226855;0.035181;0.0245853;0.037943;-0.00638979;-0.000905617;0.00759994;0.00104162;-0.000950485;0.000274095;0.0471446;0.0287398;0.0159822;-0.000841634;0.0323118;0.0508929;0.0017879;0.00064561;0.00299084;0.000909783
-0.00400175;-0.00137453;0.00428425;0.00150557;0.0105359;0.00357363;0.0515038;0.0133443;0.00127008;-0.00107994;0.0328338;0.0412746;-0.00660865;-0.00158378;0.00788371;0.00246032;-0.0732179;-0.0129312;0.0745836;0.0135735;0.127027;-0.122857;0.369376;0.228358;-0.0839247;-0.0571551;0.381424;0.310588;-0.0146869;0.00410418;0.0400626;0.00946834;-0.0112423;-0.00460376;0.067589;0.0114993;-0.0688161;0.0865076;0.35119;0.413307;0.0535385;0.0298207;0.340127;0.256465;-0.0312557;-0.00691421;0.0469679;0.018509;0.00352511;0.00097069;0.00959982;0.00206385;0.00272575;0.00243624;0.0334184;0.0689906;-0.00952533;0.00984719;0.0377311;0.0328574;-0.00671112;-0.00202424;0.00852758;0.00217936
-0.00663824;0.0028894;0.00836663;0.00327505;0.0177636;-0.00601859;0.0688624;0.0130516;0.0127685;0.012014;0.0338063;0.0542919;-0.00241568;-0.000132534;0.0144555;0.000979579;-0.0594894;0.00142435;0.0672026;0.0038845;0.237846;0.00806392;0.370794;0.0880625;-0.00143573;0.0632786;0.254319;0.466511;-0.0198664;-0.00407999;0.096992;0.0102266;-0.0537666;0.00664427;0.054598;0.00742466;0.314526;-0.0353705;0.435195;0.0815275;-0.0629304;-0.0589774;0.279723;0.277014;-0.0192829;0.00337244;0.0789568;0.00898972;-0.00419204;0.000647236;0.00483961;0.00098377;0.0291893;-0.00914435;0.0677905;0.0127358;0.00661323;0.0103381;0.057716;0.0558429;-0.00485823;0.000458492;0.0113673;0.000785292
-0.00346942;0.000453553;0.00357918;0.00106234;0.00201288;-0.00380792;0.0687305;0.0162028;-0.0114195;0.0192899;0.102453;0.0329218;-0.0124784;0.00014439;0.0164476;0.00213986;-0.00539256;-6.66772e-05;0.0126216;0.00549524;0.0621271;-0.00201897;0.399939;0.0684943;-0.0828571;0.117613;0.286864;0.49633;-0.0537785;0.0178081;0.0624279;0.0203046;0.00178197;-0.00433744;0.0262461;0.00513203;0.0362213;-0.026145;0.372897;0.0567362;-0.0499209;-0.0864875;0.302944;0.443616;-0.0417414;0.00197797;0.0457048;0.00884084;0.00308842;0.000106273;0.00358623;0.000867188;0.0051927;-0.000273386;0.0645153;0.00923687;-0.00384316;0.00311974;0.0655442;0.0269277;-0.00590082;0.000572746;0.00629652;0.00118081
-0.000252452;-0.000255273;0.000252452;0.000315881;0.0501359;-0.00418794;0.0605098;0.00476444;-0.0138414;0.0105852;0.0397859;0.0105852;0.00315903;0.000157062;0.00539485;0.000516452;-0.00213105;-0.0012242;0.00470457;0.0145092;0.386458;-0.0324637;0.443632;0.0414501;-0.102257;-0.0412932;0.184355;0.164241;0.011884;-0.0034602;0.0479692;0.00550901;0.00718472;0.0359131;0.0122078;0.0446279;0.245295;-0.0457347;0.416369;0.437016;-0.0279125;-0.0326393;0.281144;0.205372;0.00211217;0.000607281;0.0648744;0.004653;-0.00749489;-0.0151329;0.00749489;0.0151329;0.0409493;0.00181952;0.0722753;0.0257821;0.010409;-0.00117012;0.0321331;0.0130548;-0.00177902;3.204e-05;0.0111655;0.000775918
-0.000133461;-9.34552e-05;0.000579999;0.000400936;0.00464364;-0.00150996;0.0517534;0.00623415;-0.00398446;-0.000132325;0.0541934;0.0195622;-0.00403467;-0.000173298;0.004778;0.000740888;0.00552883;-0.0019459;0.0107566;0.00665733;0.057397;0.0303795;0.401438;0.0524041;-0.0820342;0.126173;0.345116;0.413714;-0.0232026;0.00273838;0.0247523;0.00547031;0.0101894;0.000354408;0.0132844;0.0137876;0.0241905;-0.0221925;0.339238;0.0401007;-0.0591577;-0.163615;0.331425;0.491208;-0.0129844;-0.000793384;0.031735;0.0175933;0.00133265;0.000202933;0.00199977;0.000630627;0.003645;-4.07381e-05;0.0514094;0.0051533;-0.0122251;0.00562398;0.0534479;0.0672345;-0.000778668;-0.00206379;0.00896134;0.00420851
-0.00367877;0.000603582;0.00454445;0.000774634;0.0158394;-0.00376435;0.0378092;0.0154624;-0.0113601;0.00707043;0.0590672;0.0293719;-0.00146375;0.00510523;0.00890204;0.00575168;-0.000672591;0.000390173;0.011132;0.00588026;0.0667978;-0.00530331;0.336936;0.061435;-0.0423918;0.124365;0.339554;0.561531;-0.00578996;0.00129604;0.0153306;0.00638522;0.00628608;0.00140947;0.0098173;0.00454571;0.0269735;0.00862243;0.357209;0.0654233;-0.0603798;-0.113668;0.271998;0.440044;0.0153012;-7.44905e-05;0.0231513;0.00970134;0.00112692;-0.000510047;0.00196596;0.0010592;0.0020533;-0.00269445;0.0524048;0.00807874;0.000309708;-0.000415459;0.039856;0.0301301;-0.000897246;-0.000342855;0.00194598;0.000720501
-0.00384641;0.00581654;0.00384973;0.00583807;0.0105202;0.00115247;0.0185726;0.0164275;0.0515525;-0.00794455;0.0585196;0.0261983;-0.00441979;-0.0030569;0.00808098;0.00443972;-0.012847;0.00205049;0.0257268;0.0382362;-0.17717;0.115759;0.179883;0.134436;0.402969;-0.0545562;0.420239;0.097065;-0.0738122;-0.00232409;0.0822199;0.0122991;0.00123275;0.0111141;0.0146899;0.0266695;-0.158855;0.109855;0.193118;0.220319;0.288862;0.0776005;0.535688;0.114268;-0.0668092;0.00396528;0.0817618;0.00862793;-0.000700911;0.000634255;0.00204134;0.00175859;-0.00804834;0.0151388;0.0120885;0.0188275;0.0184613;0.0374113;0.0418577;0.0404446;-0.00715687;0.00226905;0.00748587;0.003953
-3.37044e-05;-0.00538466;0.00825083;0.00771776;0.000603737;-0.0146834;0.0399511;0.0281911;0.0202407;0.0166558;0.0298546;0.0191626;-0.0131929;0.00393934;0.0140813;0.00820136;0.0237375;0.0265592;0.0552849;0.0404949;-0.0308118;0.0701552;0.401723;0.376775;0.1284;0.0143363;0.160022;0.0860363;-0.0173433;0.0145307;0.0193706;0.0159521;0.0161756;-0.0141624;0.016523;0.0156572;-0.0808362;-0.0345041;0.427934;0.559358;0.147516;-0.0103497;0.232312;0.193522;0.00612303;-0.00255258;0.0075635;0.00377067;0.003694;-0.0017992;0.00692831;0.00420662;-0.00404207;0.000680964;0.049143;0.0212757;0.0056094;-0.044257;0.0357563;0.0667668;-0.00053096;0.000179328;0.00163267;0.00107151
0.00321743;0.000925827;0.0034669;0.00174462;-0.00596223;-0.0327026;0.0586742;0.0386663;0.00538437;0.00906909;0.0717726;0.0331733;-0.00384545;0.0012745;0.00681926;0.00155288;0.0236633;-0.0373321;0.0569512;0.0500939;0.124903;0.0565912;0.330306;0.10312;-0.0562999;0.0664998;0.303015;0.534339;-0.0186893;0.000190504;0.0360548;0.00628823;0.0403927;0.00527547;0.0642786;0.011387;0.162204;-0.0338433;0.203694;0.07617;-0.106672;-0.0966549;0.392458;0.438011;-0.00741114;0.00303806;0.0311545;0.00720879;-0.00329049;0.000402104;0.00618456;0.00191891;0.0302842;-0.00256355;0.0334492;0.00724742;-0.0160421;0.000466147;0.0502288;0.0359979;0.00147556;-0.000754177;0.0069508;0.00321274
-0.00894791;0.000578551;0.00908526;0.000800721;0.0454398;-0.00234401;0.0481738;0.0113847;-0.0123711;0.000435261;0.0446947;0.0185958;-0.00205522;0.000186812;0.00587338;0.00160268;-0.0823549;-0.0041739;0.0899588;0.00690134;0.356356;-0.0110622;0.363957;0.0693372;-0.103024;0.0549207;0.431431;0.321381;-0.0214079;0.00243624;0.0391515;0.0113366;-0.0442199;0.010733;0.0564858;0.0129897;0.293542;-0.018782;0.32014;0.0676995;-0.0879734;-0.091609;0.318275;0.284132;-0.013327;-0.00371129;0.0341165;0.00839877;-0.00268465;0.000540734;0.00414145;0.000646807;0.0314311;-0.000782724;0.053208;0.0042771;-0.0123471;0.0175799;0.0529397;0.0501652;-0.000682812;0.000472859;0.00474346;0.00147208
-0.00661969;-0.00321928;0.00668356;0.00645251;0.0363781;-0.000487906;0.0514778;0.0184479;0.0135835;-0.0023873;0.046452;0.0100317;-0.00220815;0.000459981;0.00420539;0.00453207;-0.00691345;-0.0174325;0.00691345;0.0205903;0.439519;0.00634745;0.444377;0.0323582;-0.0563642;0.0102926;0.318471;0.085914;0.0105335;-0.00311324;0.0277773;0.0189618;0.00032358;-0.00095205;0.000552254;0.00420964;0.399137;0.00739339;0.462694;0.0302886;-0.0649103;-0.0245894;0.303035;0.0779722;0.0181067;-0.00583672;0.0354262;0.0146214;0.000600542;0.00861424;0.000699247;0.0100557;0.0192211;0.0310454;0.055266;0.0404663;0.00126618;-0.001382;0.0428417;0.0108979;0.00398012;-0.00180871;0.00521918;0.00227112
0.00329564;-0.00136162;0.00385306;0.00160677;0.0248158;-0.00938347;0.031674;0.0104501;-0.0139251;0.00495122;0.0259054;0.0272074;-0.00122624;-0.000858125;0.00833988;0.00823645;0.00162037;-0.00239094;0.0115664;0.0062663;0.326959;-0.0651718;0.350163;0.129267;-0.109129;-0.0993187;0.31014;0.159094;0.0124266;0.00630681;0.0312896;0.0496974;0.0422928;0.0379113;0.0607935;0.0491876;-0.0360644;-0.11623;0.464527;0.507519;0.0836438;-0.0546737;0.239406;0.144234;-0.0171563;-0.00488948;0.0462225;0.0494953;-0.004441;-0.00132466;0.00778914;0.00909688;0.0178981;-0.0161595;0.0724221;0.031323;0.0116185;-0.00540178;0.0316689;0.0105697;0.00249672;0.00090831;0.00523539;0.00267549
0.00314584;-0.00112765;0.00907439;0.0013238;0.0101725;0.0243613;0.0405279;0.0318122;-0.00137434;0.0142387;0.0373866;0.0615667;0.00335517;-0.00144659;0.0117255;0.00195993;0.0207587;-0.00306302;0.0900653;0.0138433;0.106437;-0.0745631;0.322517;0.183625;-0.0406599;-0.138063;0.352652;0.345275;0.0271573;0.000509585;0.0692433;0.00731845;0.0238381;0.00634318;0.113768;0.0116891;0.00182271;-0.0498062;0.392912;0.193929;0.0872079;0.110394;0.364658;0.41322;0.0195367;0.00104185;0.0744925;0.00410861;-0.00456382;-0.00452633;0.0127105;0.00456147;0.038505;0.0101063;0.0676551;0.0973016;-0.0031527;0.010626;0.0421674;0.0467534;0.000755504;-0.000572974;0.0137947;0.00110232
0.000616727;0.000428228;0.00117847;0.001111;0.00415011;0.00223224;0.0644504;0.0110521;-0.0146237;-0.0196872;0.062891;0.0715335;-0.00667494;0.000196993;0.00769195;0.000586394;-0.00180087;-0.000452848;0.00550892;0.00191536;0.0471428;0.0101301;0.461302;0.05856;-0.0772814;0.143474;0.319733;0.398058;-0.0459163;0.00742036;0.0467212;0.0104668;0.000417167;-0.000904297;0.00761292;0.00584625;0.0633266;-0.00751521;0.454779;0.0739334;-0.107744;-0.107462;0.357368;0.308817;-0.0429107;0.000363789;0.0436998;0.0105671;0.000125308;2.56591e-05;0.000997552;0.00055795;0.00775475;-0.000379307;0.0572935;0.0113958;-0.0029864;0.00409753;0.0711189;0.0212952;-0.00572424;0.000153773;0.00630435;0.00172798
0.00214366;0.00410178;0.0025506;0.00528499;0.00350299;0.00359598;0.0193904;0.0297786;0.0190635;-0.0522774;0.0307906;0.0551261;-0.000532064;0.000606065;0.00105063;0.00220936;-0.00765876;0.0133777;0.0162419;0.0324722;-0.138914;-0.00672291;0.323145;0.385857;0.212567;0.119521;0.412931;0.396713;-0.0460782;0.00796303;0.0874471;0.0480072;0.0103527;-0.00151209;0.0590845;0.0449207;0.021582;0.00742834;0.311623;0.316848;0.00979298;-0.114461;0.15958;0.248448;-0.00684809;-0.0117016;0.0154573;0.0516442;1.86487e-06;-0.00421755;0.00184827;0.00948447;0.00588755;0.0289416;0.0143893;0.0574819;0.0137576;0.0518991;0.0149466;0.0559436;0.000476465;0.000639194;0.000965175;0.00244429
-0.000999856;-0.000464187;0.00199418;0.00109897;0.020577;0.00370749;0.040576;0.0146826;-0.0176343;-0.000134526;0.03034;0.00362554;0.00610117;-0.000580828;0.00768465;0.00221633;-0.00683325;0.00151458;0.0142078;0.00508151;-0.0321119;0.0433972;0.328962;0.317543;-0.0179607;-0.00911544;0.382878;0.161793;0.0613686;0.013233;0.0822782;0.0285787;-0.00526856;0.00185318;0.0133488;0.00732038;-0.175648;-0.0457519;0.337071;0.349958;0.0776384;-0.0243701;0.499996;0.231132;0.0663457;-0.0106176;0.0899062;0.0248513;-0.00141405;3.51182e-05;0.00221064;0.00101222;-0.0124539;0.0106737;0.0423687;0.0198318;-0.00195676;0.00223969;0.0637369;0.006394;0.0100353;0.00125283;0.0125862;0.00360107
-0.00640964;-0.00568672;0.00653993;0.00863177;0.0425029;0.0141747;0.0485161;0.0202752;0.00385501;-0.00942918;0.0351364;0.0140569;0.00146136;-0.000303314;0.00394604;0.00136911;-0.0192821;-0.0243091;0.0226886;0.0278183;0.414553;-0.00792511;0.414925;0.0620532;-0.0685259;0.0345155;0.328097;0.081786;0.000207587;-0.00573116;0.0230286;0.00766965;-0.000290097;-0.00103623;0.00169092;0.00436397;0.463089;0.0146995;0.463089;0.0283115;-0.11127;0.035745;0.249527;0.0752921;0.0157543;-0.00749301;0.0295899;0.0113827;5.54464e-05;-0.000278359;0.000158446;0.000461703;0.0638974;0.00152711;0.0645778;0.00399041;-0.0203172;-0.00232867;0.0271303;0.0073521;0.00761047;-0.00198817;0.00800247;0.00212728
-0.00784943;-0.00576353;0.00843171;0.0129258;0.0440789;0.015392;0.0723547;0.0223939;0.031658;-0.005131;0.0409898;0.0089347;0.00527194;-0.00307864;0.00969888;0.00449195;0.0264869;0.00886255;0.0270061;0.0145064;0.00274186;0.0784075;0.442196;0.131365;0.303097;-0.0870976;0.336296;0.136505;0.020269;0.00104783;0.0404036;0.0133709;0.0945592;0.00122637;0.0947527;0.0182613;-0.190073;0.0952572;0.454958;0.0952572;0.315612;-0.00076655;0.372255;0.0704096;0.0231804;-0.0039986;0.0372636;0.0113157;0.0211452;0.00296454;0.0211513;0.00296833;-0.0306897;0.00937833;0.0433121;0.010118;0.0184428;-0.00818051;0.073717;0.0137957;0.00367584;-0.000270416;0.00630349;0.00118856
0.00713108;-0.00142684;0.0100979;0.0023879;0.0280933;0.00484731;0.0338424;0.0162495;-0.0327617;0.037665;0.0604607;0.0790936;0.0090862;0.00193415;0.0115843;0.00481495;0.0514559;0.00567906;0.0841922;0.0153764;0.205593;0.00992427;0.232785;0.0443059;-0.197327;0.0703705;0.466191;0.405673;0.0195499;0.00480611;0.0595096;0.0457589;0.0538448;-0.00290955;0.100388;0.00656337;0.165659;-0.024186;0.253949;0.0700241;-0.0269755;-0.0585033;0.468956;0.318959;-0.0334921;-0.00544059;0.0391095;0.00749974;0.00489657;-0.00105591;0.0128393;0.00136994;0.0357969;0.0071701;0.040297;0.0114837;-0.0106386;-0.00920481;0.0301438;0.0345653;-0.00235987;5.00315e-06;0.00552132;0.0015197
-0.00129517;0.0033426;0.00228688;0.00530064;-0.0285045;0.0322923;0.0353235;0.0485562;0.0167337;0.00906501;0.150814;0.0229117;0.00273881;-0.00104699;0.002922;0.00163994;-0.00226693;-0.00738986;0.0353539;0.0513538;-0.0954549;0.0640808;0.290129;0.282494;0.131075;0.0874071;0.387841;0.279769;-0.0334213;0.0720618;0.0380513;0.0722551;-0.0115582;0.0113474;0.0326498;0.0568674;0.0652762;0.0258689;0.364117;0.245572;0.0155137;0.0108694;0.324363;0.454044;0.00509609;-0.0171333;0.0142059;0.0252277;-7.15457e-05;0.000496962;0.0026639;0.00371196;-0.0106994;0.010978;0.0306341;0.0609916;-0.000556077;-0.00322972;0.0275001;0.0460589;0.00463166;0.0041878;0.00771715;0.00660601
-0.00112959;0.00500894;0.00122489;0.00560268;0.0450184;0.0265093;0.0965459;0.0358307;0.0113221;-0.00154235;0.0133708;0.00687591;-0.00151896;0.00198089;0.00217924;0.0030577;-0.0252587;-0.023976;0.0375709;0.0613782;0.124491;-0.215262;0.250883;0.278584;0.25063;-0.135855;0.282614;0.173139;0.000152367;0.000468039;0.00152987;0.00262978;0.00109738;0.00750971;0.00308254;0.00854532;-0.0504292;-0.00431059;0.0618056;0.0364413;0.483142;0.110334;0.556661;0.123405;0.00124351;-0.00201367;0.00287247;0.00273413;0.000321905;-0.000200648;0.000418678;0.000413287;0.0381375;0.00906994;0.0589097;0.0146946;0.0282153;0.00901183;0.0387329;0.0121713;-0.000176061;7.63761e-05;0.000233266;0.000203437
-2.71905e-05;-0.000267636;4.94952e-05;0.00034432;0.0628377;0.00298694;0.0853243;0.0045641;0.00717323;-0.00219922;0.00845969;0.003823;-0.000993542;0.000109194;0.0012506;0.00060279;-0.000101545;-0.00147322;0.00039759;0.00332985;0.329083;0.0313003;0.560709;0.109237;0.112223;0.0476749;0.120519;0.249946;-0.00840298;-0.00224489;0.0207742;0.0315469;-0.000515034;-0.00280499;0.0168053;0.0148956;0.401815;-0.0119356;0.507933;0.112794;0.0812264;-0.0144061;0.0850242;0.0218271;-0.00840307;0.00805048;0.0202541;0.00895647;-0.000356649;-0.00250607;0.00205157;0.0036577;0.0457785;-0.030065;0.0520731;0.0353051;0.0257686;-0.0393658;0.0263134;0.0416931;0.000713717;-0.00280575;0.000926854;0.00356372
4.49093e-05;-0.000215867;5.65139e-05;0.000315033;0.0634341;0.00657858;0.0893248;0.00870619;0.000202523;0.00199533;0.00804018;0.00333472;-0.000145249;0.000680794;0.00267241;0.000811021;-0.00108721;-0.00160023;0.00152788;0.00238985;0.390144;0.0243227;0.533735;0.128294;0.0139395;0.0189964;0.0871381;0.180804;0.0158213;0.00703721;0.0253081;0.013201;0.0189265;-0.0138112;0.0206294;0.0216031;0.390021;-0.117711;0.472359;0.222204;0.0646917;-0.0617017;0.0950847;0.0891208;0.00518039;-0.00222125;0.00968763;0.00687592;-8.44484e-05;0.00244906;0.000497221;0.00246963;-0.00116942;0.0155553;0.00841115;0.0252373;0.0254619;-0.0963086;0.0290153;0.120593;0.0030211;-0.00925731;0.00403533;0.0157191
-0.000355259;-1.88226e-05;0.000360432;3.05032e-05;0.0610964;-0.000163237;0.0845735;0.00137438;0.000825847;-0.000677404;0.00413757;0.00289433;-0.0012634;0.000199602;0.00240649;0.000388619;-0.00123865;-0.00010888;0.00193197;0.00186266;0.416448;-0.00191302;0.579317;0.0153189;0.0210536;0.00702336;0.0413662;0.0201323;-0.00780388;0.00202263;0.0120882;0.004598;-7.35196e-05;-0.00129043;0.000340427;0.00264748;0.311094;-0.0336568;0.520096;0.106309;0.0942025;-0.0538579;0.10465;0.252308;-0.00534916;-0.00762551;0.0137323;0.0260037;-0.00025904;-0.000112065;0.000568538;0.000865974;0.0576746;-0.00494977;0.0790378;0.00948256;0.00898816;-0.000393025;0.00954927;0.00298052;-0.00172583;0.00133892;0.00414688;0.00134485
-0.000187925;-0.00187782;0.00123137;0.00247388;0.0035722;-0.00365459;0.0395965;0.012544;0.0318212;0.00675501;0.0343711;0.00765981;-0.00234921;0.00148919;0.00275718;0.00165134;-0.00202475;-0.0321834;0.00563286;0.0332248;0.0214393;-0.186431;0.121201;0.204997;0.347144;-0.0865539;0.380643;0.14318;0.00051275;-0.0208147;0.0182062;0.0238912;0.000966785;-0.00107009;0.000995718;0.00285413;0.00531798;-0.00554084;0.0132637;0.0211347;0.49577;0.0679175;0.564278;0.101112;-0.0194973;0.00967816;0.0883899;0.0584838;1.453e-05;-4.27163e-06;1.67418e-05;2.09481e-05;-0.00228308;-0.00271856;0.00436526;0.00405731;0.083834;0.0132315;0.0903773;0.0149595;-0.000476117;0.00062346;0.00274431;0.00239645
-9.90293e-05;4.66186e-05;9.90293e-05;0.000239019;0.060896;0.0029553;0.074509;0.0039831;-0.00349036;0.00244778;0.00868881;0.00290288;0.00158206;-0.000117278;0.00320569;0.000721721;0.000128502;-0.000225297;0.000870573;0.0025448;0.417755;0.0134743;0.534594;0.0227774;-0.0173486;0.0124567;0.061788;0.023958;0.00526675;0.00234276;0.0287039;0.00442718;-0.000165857;-0.00177231;0.000668906;0.00236163;0.388083;-0.0150502;0.547836;0.126217;0.00279929;-0.0422025;0.060089;0.201495;0.00904819;0.00259163;0.026757;0.0122104;0.000998215;-0.00118912;0.00174099;0.00167341;0.0589046;-0.00664371;0.0771763;0.0163231;0.00170073;0.00256717;0.0142406;0.0064185;0.00169823;0.000282636;0.0018405;0.000783757
0.00032584;0.000603305;0.000525282;0.000659418;0.0193644;0.00520991;0.021152;0.00624385;0.0531629;0.0222124;0.0628054;0.0342885;0.000110182;-3.09044e-06;0.000337887;0.000746778;-0.000103667;0.0829367;0.0342187;0.0835166;0.038895;0.0739142;0.128073;0.207782;0.391471;-0.0150693;0.423149;0.177526;0.00244804;0.000851773;0.00307683;0.00428789;0.00871566;0.00362865;0.0277003;0.0323467;-0.169547;0.206776;0.175447;0.441032;0.251109;0.0641833;0.348119;0.220527;-0.000604862;-0.000963053;0.0022077;0.00624718;-0.000477204;-0.00384657;0.00203699;0.011275;0.010338;0.0524203;0.0135959;0.0660281;0.0113138;0.0222809;0.0145515;0.0297562;-0.000626134;-0.00056587;0.00097703;0.00275552
-0.000211484;9.95984e-05;0.000233447;0.00010826;0.0283022;0.0024649;0.0294633;0.00408501;0.0267419;0.0795745;0.0577501;0.091518;-0.000762577;-0.000353929;0.00103003;0.00089477;-0.0191871;0.0471946;0.0206098;0.048495;0.150359;0.0414633;0.1872;0.151993;0.375722;-0.0588018;0.411175;0.105188;0.00116673;0.000715185;0.00262555;0.00381514;-0.00158477;0.0368068;0.0357762;0.0628093;-0.148148;0.287187;0.154105;0.411281;0.284146;0.100294;0.353584;0.203319;0.00110665;-0.000109178;0.00207231;0.00538441;0.000102648;-0.00268949;0.00187822;0.00824355;0.00271739;0.0161313;0.0114603;0.0620918;0.0147999;0.0160211;0.017145;0.026654;-0.000652892;-0.000627183;0.00126443;0.00319964
0.000359528;-0.00642711;0.0047346;0.00755159;-0.00399145;-0.0274995;0.0289689;0.0288272;0.0227236;0.00540067;0.0476779;0.0217562;0.00255995;-0.00118604;0.00729024;0.00337886;-0.000489051;-0.0300726;0.0046882;0.0304848;0.0212572;-0.181863;0.11327;0.20039;0.368353;-0.0495769;0.442083;0.115173;-0.018619;0.007395;0.0322224;0.0173695;0.00087016;0.000107043;0.00110922;0.000868937;0.0730176;0.0162162;0.0827267;0.0370698;0.402918;0.102115;0.585275;0.134636;0.00191048;-0.0129166;0.0390514;0.0302953;-4.59769e-05;-0.000129394;8.41198e-05;0.000183502;0.042428;0.0015654;0.0438721;0.0116114;0.0352036;-0.00661795;0.0419853;0.0170157;-0.00240839;0.00318182;0.00394102;0.00416893
0.000103582;6.21731e-05;0.000103582;0.0005425;-0.0104442;-0.000443285;0.0142678;0.00190844;0.0725763;0.00131353;0.0741343;0.00191536;-0.00117997;-0.000247817;0.00192817;0.000375949;-0.000154656;-0.000462654;0.000468722;0.00126463;-0.0412262;-0.00439089;0.185188;0.0138341;0.450215;-0.141224;0.464438;0.151365;-0.00344928;-0.0226462;0.00729213;0.0258927;0.0002005;-0.00201377;0.0002005;0.00315615;-0.00872189;-0.0172027;0.253994;0.045356;0.425265;0.115431;0.438603;0.162446;-0.00489155;0.0227478;0.011598;0.0280982;0.000308305;-0.0034945;0.000326397;0.00356149;0.0100534;-0.00296568;0.0397741;0.0318528;0.0528444;-0.0131053;0.0528444;0.0187772;0.00017569;-0.000675368;0.000360021;0.00118062
0.00308274;-0.00107652;0.00572475;0.00194313;-0.0227009;0.0252867;0.0434295;0.0597943;0.0342611;0.00373141;0.041076;0.0229785;0.00111341;-0.000634532;0.00177756;0.000858289;-0.00315564;0.00124993;0.0545928;0.0186316;0.0652402;0.0637468;0.287619;0.185725;0.00996744;0.0250957;0.451839;0.569933;-0.0139066;-0.00557026;0.0274528;0.00988284;-0.0520431;0.0194079;0.0523873;0.0195414;0.175867;-0.0234579;0.218418;0.0716541;-0.105653;0.0377282;0.406889;0.230317;-0.0489024;-0.0119894;0.0494499;0.0179134;-0.0022748;0.000476717;0.0024307;0.00060305;0.0174764;-0.00774931;0.0475996;0.0168657;5.87137e-05;-0.00348816;0.00789139;0.00537229;-0.00986046;-0.00117795;0.00989993;0.00350659
0.00861217;-0.00233885;0.00931947;0.00258436;-0.00557032;0.00344803;0.0536382;0.0128219;0.0230454;-0.00390969;0.0279002;0.00873026;-0.000521368;0.000391762;0.000726578;0.00048994;0.120419;-0.0485546;0.13556;0.0529089;-0.199285;-0.142898;0.209861;0.311801;0.304611;-0.00329744;0.310086;0.159866;-0.00431691;0.000735031;0.00861086;0.00560883;0.173104;-0.0553591;0.206099;0.086349;-0.0268471;0.174032;0.290585;0.321551;0.199816;-0.0296736;0.261422;0.12418;-0.0665205;-0.046381;0.0684774;0.0722481;0.01018;-0.00307159;0.0161951;0.0135202;0.041134;-0.128435;0.0514003;0.141348;-0.00731565;-0.128248;0.0237478;0.193978;-0.00635593;-0.0149182;0.00886771;0.0449032
-0.0105426;0.000484033;0.0114528;0.000841647;0.00074903;-0.00293354;0.0320328;0.0123932;0.0260278;-0.020639;0.0349402;0.0208514;-0.011274;0.00160199;0.011274;0.00162759;-0.0633551;0.00724807;0.0762004;0.012275;0.0242146;-0.0190023;0.358229;0.153845;0.15302;0.0601627;0.20252;0.234577;-0.0617947;0.00145646;0.0617947;0.00744573;-0.0472154;0.00248163;0.0492445;0.00377605;0.0486367;0.116194;0.344956;0.150315;-0.0118275;-0.0911371;0.432603;0.548458;-0.0963233;-0.0682234;0.0969341;0.0700552;-0.00480387;1.62099e-05;0.00551382;0.000448098;0.0150947;-0.00136045;0.0438236;0.00594076;-0.0655428;-0.0201655;0.0733316;0.0521774;-0.00049925;0.00137258;0.000825496;0.00168013
0.000292649;-0.000403284;0.00357675;0.0018516;-0.0157784;0.00123925;0.0579892;0.0154075;0.0254715;-0.0146855;0.0430787;0.0402869;-0.00377471;0.000503403;0.0049377;0.00107673;0.00673072;0.00395589;0.0125302;0.0139599;-0.0395645;0.0480785;0.469775;0.10542;0.0497301;0.00676936;0.272174;0.524055;-0.0454243;-0.0345154;0.0689152;0.0355296;0.00814096;-0.000284425;0.00814096;0.00227051;0.0658048;-0.00272348;0.427351;0.0538482;-0.161321;0.0705471;0.319245;0.189685;-0.093899;-0.0364136;0.0945044;0.0643699;0.00268341;-0.000607186;0.00283346;0.000724432;0.00278936;0.00202684;0.0796279;0.0109564;-0.0426212;-0.0309964;0.0521361;0.0318372;-0.00213699;0.000533513;0.00501302;0.00352669
0.00171317;0.000801574;0.00197066;0.00124536;0.0470839;0.0241445;0.0647812;0.0267803;0.00563017;0.0467823;0.0136161;0.0475485;-9.41912e-05;-6.22099e-05;0.00084525;0.000944929;0.0160007;-0.0130572;0.02784;0.0345239;0.401271;0.0194471;0.532769;0.057569;-0.00218958;0.0127663;0.0263337;0.0417052;0.000814642;0.0029604;0.00232343;0.00520021;-0.017966;0.029292;0.0202477;0.0318125;0.432441;0.0105526;0.511765;0.264331;-0.00590068;-0.00601146;0.0350907;0.0429405;0.000847683;-0.00144515;0.00264724;0.0024522;-0.00487046;0.00576263;0.00511945;0.00936615;0.033483;0.019814;0.0797576;0.0359997;0.00162304;0.00110525;0.00287795;0.00297967;3.43036e-05;0.000343887;0.00021791;0.000503789
0.0033296;-0.000713162;0.00338546;0.00113126;0.00600777;0.0121215;0.0291983;0.0302986;-0.0102146;0.0557988;0.0347804;0.0636836;-0.00232753;0.00488688;0.00262337;0.00803268;0.014645;0.000474356;0.0149152;0.00217303;-0.0283923;-0.124503;0.26128;0.288577;0.319154;-0.0352714;0.350823;0.171908;0.00105879;0.0211138;0.0115156;0.0397971;0.0107283;0.000442986;0.0122974;0.00337995;-0.0992582;0.0850328;0.35029;0.24978;0.412238;0.0341805;0.416137;0.0440799;-0.00212279;-0.0067301;0.0129015;0.00712978;0.00222738;0.00011998;0.0023181;0.000453586;-0.0228092;0.00845174;0.0556497;0.0284233;0.0690432;0.00622342;0.0702356;0.00690076;-0.00121501;1.66094e-05;0.00346553;0.000348917
-0.00107824;8.36849e-05;0.00188573;0.00012847;0.00747775;-0.0188742;0.0402682;0.0255653;0.0448133;0.000596122;0.0821453;0.0032527;-0.000874526;0.00026713;0.00135741;0.000324365;0.00422693;0.0168897;0.0157279;0.0182425;-0.0297682;-0.0359439;0.224837;0.177974;0.368728;0.0110174;0.533023;0.0326118;-0.00940202;-0.000543094;0.0102005;0.00223114;0.0035493;-0.0113789;0.0173494;0.0140198;-0.0863355;0.0539876;0.247046;0.163994;0.424813;0.00239997;0.433108;0.0333797;-0.00793385;0.000322308;0.00867302;0.00298097;-0.00189633;1.67878e-07;0.00222201;1.03099e-05;-0.0147803;0.000879137;0.0759341;0.00193088;0.0597837;0.000863075;0.0629879;0.00122258;-0.000117102;-3.06584e-06;0.00150273;6.38894e-06
0.00110695;7.46551e-05;0.00113965;0.000500641;-0.00634695;-0.00374186;0.0451778;0.0178851;0.0363957;0.00307887;0.0639141;0.00385445;-0.000327952;-0.00017921;0.00168247;0.000483738;0.0121638;-0.000250332;0.01236;0.00183346;-0.0567954;-0.134837;0.296242;0.249824;0.282169;0.0056838;0.469031;0.0181147;-0.00598413;-0.00062387;0.0100571;0.00199437;0.0138009;-0.00131103;0.0138009;0.00228962;-0.0734728;0.159074;0.319079;0.272036;0.290601;-0.00338465;0.467422;0.0149216;-0.00665198;-0.000146763;0.0103719;0.00172245;0.00175698;0.00033025;0.00176707;0.000394312;-0.0124898;-0.0131103;0.0474364;0.0266689;0.0456214;0.000185477;0.0673874;0.00166142;-0.00072733;0.000347235;0.00127497;0.000398086
0.00163666;0.000208371;0.00171286;0.000380442;-0.00538785;-0.0153201;0.0513753;0.0283744;0.0319859;-0.000244232;0.0596094;0.00181012;-0.000643786;0.000219868;0.00104943;0.000257565;0.0114304;-0.000364568;0.0119543;0.00210244;-0.0329622;-0.0948313;0.260926;0.376634;0.249905;0.00713477;0.456041;0.0272134;-0.00196243;0.00117565;0.00441123;0.00127613;0.0147169;0.000654102;0.0153182;0.00337026;-0.0928793;0.122089;0.352952;0.211489;0.292061;0.0213553;0.460425;0.0289295;0.000950888;0.000140162;0.00215982;0.00124069;0.00214978;-1.8563e-06;0.00214978;0.000307047;-0.0124956;-0.00988132;0.0304784;0.030984;0.0483427;0.00304375;0.0613646;0.00374349;0.000290831;0.000213242;0.000445898;0.000226076
0.00191172;3.65467e-05;0.0019153;0.000163627;-0.00366532;0.0121689;0.0485385;0.0351151;0.0311788;0.00158239;0.063544;0.00280837;-0.000685892;-0.000157055;0.00147691;0.000225899;0.012527;0.00062462;0.0130286;0.00279249;-0.0479522;-0.161775;0.2919;0.229501;0.257594;0.000191569;0.460137;0.016665;-0.00440347;0.000987808;0.00760358;0.00176786;0.0104818;0.000234867;0.0110039;0.00207513;-0.0680291;0.118841;0.26685;0.389578;0.295634;0.0147972;0.454078;0.0288685;-0.00293844;0.00161458;0.00592091;0.0018868;0.00179608;1.06846e-05;0.00184887;0.000389444;-0.0194864;-0.00133668;0.0555922;0.014802;0.0488953;0.00360577;0.0576545;0.00410195;0.000123783;2.84979e-05;0.000290198;0.000112538
-4.69606e-05;-0.000258989;0.000486357;0.000417233;0.00144817;-0.0302712;0.0363427;0.0574332;0.0423463;0.000530423;0.0758773;0.00415326;-0.000529237;0.000398519;0.0019201;0.000614234;0.0045761;-0.000354273;0.010904;0.00226745;-0.0284368;-0.0311393;0.300843;0.160281;0.333339;0.0156499;0.5005;0.0226722;0.00076123;0.00103442;0.00836409;0.00195418;0.00764951;0.000537095;0.0132277;0.00202599;-0.064507;0.0605805;0.32998;0.177759;0.384348;0.0159029;0.444583;0.0211251;-0.00069285;0.00134579;0.00787487;0.00240418;0.00163658;2.17103e-05;0.00243824;0.000489425;-0.0133588;-0.0149782;0.0497092;0.029518;0.0626286;0.00306305;0.0626286;0.00306305;-0.000508594;0.00017997;0.00107487;0.000250657
0.00247848;0.000288736;0.0025361;0.000606437;-0.0185288;-0.00612574;0.0558143;0.0326916;0.0555534;-0.00198885;0.0586372;0.00292343;0.000451324;0.000143626;0.000724488;0.000200073;0.0149091;-0.00174972;0.015801;0.00309078;-0.0804253;-0.0831581;0.300965;0.194089;0.353853;-0.0138115;0.468987;0.0180403;0.00348706;0.000862335;0.00481688;0.000869489;0.0121101;0.00274577;0.0142599;0.0045735;-0.0689769;0.0669038;0.281077;0.203321;0.33192;-0.0133413;0.502315;0.0196636;0.00354611;0.000384867;0.00508722;0.000575721;-0.00176343;0.00163436;0.00311923;0.00271695;-0.00805645;-0.00456673;0.0132647;0.0119223;0.0524396;-0.000510445;0.0694241;0.00189895;0.000495115;-1.46989e-05;0.000656786;6.54922e-05
0.00166733;-0.000411267;0.00166762;0.000487902;-0.0102699;-0.0270248;0.0324448;0.0336954;0.0437767;-0.00711911;0.0589636;0.0080312;0.000840886;-6.50657e-05;0.000849014;0.000266365;0.00664201;-0.000630516;0.00674865;0.00229733;-0.0735524;0.000390214;0.335067;0.255374;0.283311;0.00723448;0.471454;0.0205466;-0.00248877;-0.00145262;0.0108801;0.00426371;0.0118227;0.000425605;0.0119688;0.00239032;-0.0698799;-0.00664042;0.330397;0.214283;0.290036;-0.00263273;0.496233;0.023113;-0.00500937;-0.000571508;0.00913727;0.00200146;0.00188541;-0.000154377;0.00188541;0.000337765;-0.00954812;0.0465548;0.0438019;0.057623;0.0397525;-0.000628899;0.0699885;0.00333947;-0.00081499;5.22961e-05;0.00136694;0.000206081
-0.00163467;-0.000718022;0.00180647;0.00138434;0.000465857;0.00185776;0.0497446;0.00895506;0.0502992;0.00139512;0.0542866;0.00355552;-0.00752207;-0.000218823;0.00752343;0.00106083;-0.0145176;0.000768688;0.0155663;0.00423415;-0.00396967;0.0277691;0.352209;0.16809;0.371982;0.00500967;0.403062;0.0187444;-0.0346416;0.0048234;0.0380632;0.0151641;-0.018735;-1.70797e-05;0.0205883;0.00178113;-0.018862;-0.0388935;0.35049;0.218251;0.407338;0.0128707;0.423222;0.0184353;-0.041711;-0.00511155;0.0427505;0.011785;-0.00344293;0.000102755;0.00344424;0.00040704;-0.0048273;-0.00629863;0.0538468;0.0170614;0.0636152;0.00187718;0.0657096;0.00195974;-0.00717233;-0.000364795;0.00717233;0.000853368
0.0014546;5.38981e-05;0.00148759;0.00027183;-0.00914549;-0.0251086;0.0286936;0.0251252;0.0430179;-0.000112928;0.0685502;0.00109604;-9.79722e-05;0.000227099;0.000593447;0.000257478;0.00836613;0.000803279;0.0117678;0.00437638;-0.09763;0.0135575;0.334165;0.189726;0.30249;0.000312047;0.489514;0.0131661;0.0023501;0.000626526;0.00285628;0.000953988;0.0073671;-0.00162422;0.00856747;0.00383345;-0.0928478;-0.0318579;0.330483;0.196101;0.310036;0.00305691;0.488487;0.0123614;0.00434987;0.000815596;0.00447267;0.000847219;0.00122736;0.000113674;0.00123828;0.000290026;-0.0147726;0.0212994;0.0381827;0.0299868;0.0470288;0.000235552;0.0686411;0.00122749;0.000608791;9.57467e-05;0.000626742;0.000141998
-0.00573426;0.000234793;0.00612465;0.00177835;-0.0215675;0.00121683;0.0261088;0.00503475;0.0307492;-0.0197884;0.076378;0.0267284;0.0260384;-0.000616625;0.0262343;0.000897054;-0.0124378;0.00298995;0.0229702;0.020461;-0.220476;0.0130572;0.225273;0.0394712;0.172004;-0.00665549;0.499357;0.265798;0.211468;-0.00481591;0.212601;0.00582631;-0.0229551;-0.00675117;0.0232379;0.0162666;-0.0688828;0.0887143;0.21332;0.148663;-0.0288923;0.0290473;0.404584;0.299065;0.224208;-0.00301309;0.226293;0.00409895;-0.00281659;1.76511e-05;0.0049969;0.00142279;-0.0204362;0.00230275;0.0381924;0.0102965;0.00319098;-0.0111793;0.0692524;0.0319159;0.0299334;-0.00303961;0.0299922;0.00306262
0.00623305;0.000626155;0.00743931;0.000693588;0.0280566;-0.00766547;0.0385284;0.0187157;0.028024;-0.0014358;0.0388025;0.0227737;0.00144774;-0.00573459;0.00161113;0.00870833;0.0506263;0.00217773;0.0530206;0.00736613;0.416168;0.0579594;0.476657;0.13176;-0.0216299;0.000614593;0.200079;0.162297;0.00414328;-0.00972873;0.00414328;0.0228162;0.0381157;-0.00324699;0.0393725;0.0121353;0.313994;-0.101974;0.358043;0.160761;0.0521178;-0.131075;0.227754;0.35645;-0.000758701;0.0143306;0.00781457;0.164172;0.00346531;0.000699498;0.0036349;0.0008119;0.0099785;0.0313511;0.044825;0.0552607;0.00433193;0.000298097;0.0242453;0.0329032;0.0019059;-0.00801666;0.00205121;0.00953403
-0.000172672;2.42015e-05;0.000419886;0.00026759;-0.00298978;0.00194389;0.0420567;0.0145437;0.0539857;0.00316995;0.0640021;0.00573421;-0.00121358;-6.97735e-05;0.00130935;0.000311481;-0.00823031;0.00562126;0.0120563;0.00574702;-0.0310703;-0.115708;0.302819;0.214074;0.388839;0.0199745;0.445225;0.035635;-0.00678664;0.000763485;0.00703425;0.0019565;-0.00392138;-0.00615126;0.00817988;0.00616691;-0.0196416;0.0974425;0.285198;0.226373;0.377438;-0.000256771;0.438821;0.0187331;-0.00201611;-2.32757e-05;0.00245005;0.00301989;0.000558438;1.26822e-05;0.000959049;0.000105761;-0.00471724;0.0163192;0.0422409;0.0253853;0.0543886;0.00215595;0.0624469;0.00235073;-0.000312539;8.78944e-05;0.000359675;0.00017738
-4.12965e-05;1.04641e-05;0.00102184;0.000170266;-0.00880291;0.00747105;0.052002;0.0192812;0.0538261;0.00894336;0.0653273;0.00895094;-0.0013613;0.000656947;0.00148939;0.000691027;-0.00969824;0.00831875;0.0143359;0.00872448;-0.0704577;-0.0548657;0.342755;0.101001;0.407171;-0.00164828;0.415973;0.016511;-0.0156754;0.00703791;0.016004;0.00723063;-0.00618512;-0.00780659;0.0127027;0.00861452;-0.08085;0.0490105;0.36363;0.103514;0.409343;0.0202988;0.425216;0.0404696;-0.00232014;-0.00166354;0.00591183;0.00710517;0.000508503;-6.3409e-05;0.000973164;0.000138377;-0.0126651;0.00694211;0.0529154;0.0164098;0.0586976;0.00563592;0.0642706;0.00618921;-0.000608508;-0.000285391;0.00137131;0.000557812
-0.00156856;0.00119015;0.00229424;0.00120841;-0.00311761;-0.0318726;0.0405897;0.0403963;0.0577746;0.00397761;0.0666033;0.00574857;-0.000969076;0.000136839;0.000995815;0.000240361;-0.00135904;-0.00395498;0.00646898;0.00397135;-0.0166657;-0.00914949;0.310506;0.176974;0.387968;0.00262466;0.451515;0.0239042;-0.00189843;0.000651183;0.00289095;0.00290057;0.00425642;0.000421011;0.00701413;0.00107281;-0.0330003;0.0583235;0.321771;0.160252;0.392395;0.0112428;0.450866;0.0254724;-0.00229489;0.000347973;0.00320045;0.00217586;0.000150884;0.000243115;0.00083129;0.000556863;-0.0103303;0.00418843;0.0601548;0.0225541;0.0624742;0.00395094;0.0684406;0.00463197;-0.000894189;0.000145206;0.000932383;0.000508735
-0.0005739;-0.000557663;0.00119013;0.000763704;-0.0119559;-0.00440501;0.0599799;0.016895;0.0583361;0.000888617;0.0629934;0.00311799;0.000202378;-0.00094756;0.000725387;0.00118434;0.000970169;-0.000417016;0.00465939;0.00220131;-0.0621051;-0.0279391;0.327024;0.0961321;0.397246;0.00875076;0.439382;0.0227711;-0.00668135;-0.00114848;0.00954201;0.00286005;-0.00112351;0.00325339;0.00683561;0.00348759;-0.0574094;0.0272107;0.376218;0.11332;0.391086;0.0190442;0.440686;0.0274185;-0.00654665;0.000789489;0.00684294;0.00167708;-0.00114683;-0.000227344;0.00174793;0.00104044;-0.0039693;0.00499867;0.0248384;0.0313649;0.057046;-0.00010007;0.0660424;0.00182661;-0.000530564;4.97294e-05;0.000550783;0.000344047
-0.000678337;0.00149148;0.00251125;0.00170396;-0.0222356;-0.000510616;0.0512938;0.0154886;0.0584815;0.00139015;0.0676577;0.00254475;-0.000660511;7.33375e-05;0.000971229;0.000534528;0.002699;-0.00491226;0.00853523;0.00559243;-0.100659;-0.0526043;0.332696;0.140129;0.383923;0.0402049;0.465519;0.0408535;-0.00732484;0.0037115;0.00881492;0.0045128;0.0010442;0.00182869;0.0066799;0.00231451;-0.0475374;0.0997273;0.321765;0.148194;0.373955;-0.00345314;0.435329;0.0316156;-0.0177047;0.00695419;0.017959;0.00698424;-0.00163013;0.00126542;0.00208514;0.00160227;-0.00111807;-0.00840949;0.042583;0.0142345;0.0452642;-0.00506731;0.0680735;0.00621432;-0.00102417;0.000648335;0.00105858;0.000854702
-0.000337947;0.000331268;0.00100446;0.00035352;-0.0144742;-0.0126774;0.0490313;0.0202974;0.0513631;-0.000202145;0.0628167;0.00281265;0.000157817;0.000248071;0.000492401;0.000529586;-0.00490439;0.00341752;0.00623038;0.00425063;-0.0637529;-0.0244711;0.289712;0.111583;0.328616;0.00369823;0.510738;0.0135618;0.00141128;0.000593356;0.00250023;0.00312259;0.00162761;0.00248417;0.0116355;0.0120697;-0.0731379;0.0657149;0.293068;0.121368;0.325806;0.0300573;0.540353;0.0320616;-0.00119916;-0.00101669;0.0033589;0.00287667;-0.00104013;0.000175179;0.00136487;0.000356176;-0.00288697;-0.00827949;0.0407008;0.0189854;0.0470398;0.00828328;0.0700657;0.00853931;-0.000242527;0.000428442;0.000675236;0.000572401
0.000529521;5.89828e-05;0.00131093;6.38491e-05;-0.0122034;-0.00429661;0.0748092;0.00429661;0.0390066;-0.00123919;0.0691374;0.00153135;0.000632066;-0.000442842;0.000794342;0.000442842;0.00168814;0.00168622;0.00587881;0.00251615;-0.0753901;-0.0693172;0.336834;0.152767;0.272566;0.0132481;0.495205;0.0198863;-0.000365001;0.00143542;0.00344394;0.0032702;0.000314618;0.000860124;0.00554112;0.0021592;-0.068286;0.0609406;0.350015;0.196767;0.276799;0.0185155;0.512904;0.0241556;0.000856668;-0.000805965;0.00343085;0.0022078;-0.000816672;0.000820802;0.00121523;0.00115347;-0.009346;0.00383978;0.0318566;0.0187337;0.0451764;0.00437952;0.0814065;0.00534977;0.000149127;0.000467406;0.00074342;0.000857515
0.0044535;0.00115978;0.0053288;0.00191556;0.0445376;0.00521261;0.0767107;0.00767563;-0.00677914;0.000201762;0.00911418;0.00399438;-0.00165972;2.03422e-05;0.0037653;0.000716853;0.0208763;-0.00336214;0.0252639;0.00664872;0.340176;0.0475091;0.545629;0.104816;-0.0896606;0.0348006;0.102874;0.0382739;-0.00786228;0.00299388;0.0203782;0.00487668;0.0109707;0.00170099;0.0190916;0.00550037;0.350711;-0.0284185;0.619493;0.0632719;-0.0791116;0.0435114;0.0929328;0.046923;-0.00788368;0.00174723;0.0129846;0.00358018;0.000348696;-0.000849083;0.00204076;0.00099881;0.050316;0.00435853;0.0900184;0.00911386;-0.00161543;-0.00493827;0.00539892;0.00827713;-0.0021156;0.00138772;0.00238346;0.00151497
0.000937106;0.000309963;0.00106049;0.000526584;-0.0187951;-0.00626373;0.0407925;0.0110874;0.0538685;-0.00179865;0.0664983;0.00303162;0.000332891;0.000317051;0.000414978;0.000481411;-0.0054371;0.00493922;0.0185771;0.0118426;-0.112234;0.0223541;0.292962;0.110194;0.351858;0.00734997;0.508927;0.019659;-0.0061094;-0.00011265;0.0080172;0.00326323;-0.000530327;-0.00667091;0.00623911;0.00733259;-0.0631894;0.0114077;0.305737;0.131942;0.329152;0.0324804;0.510196;0.0368913;-0.0112956;0.00396269;0.0125427;0.00436896;-0.000121659;0.000202316;0.00086694;0.00025106;0.000277333;0.0134778;0.045234;0.0213209;0.043615;0.0014975;0.0659658;0.00613465;-0.00249078;0.000884766;0.00250898;0.000887579
0.00512047;-0.000750681;0.00578277;0.00117198;0.0417215;0.00746316;0.0973251;0.0160721;-0.00561033;0.00280291;0.00887508;0.00431902;-0.00472754;4.29941e-05;0.00836307;0.000404671;0.0326549;0.00296997;0.0426697;0.0107969;0.347953;-0.00778654;0.595763;0.0596781;-0.106073;0.0587651;0.11025;0.0610574;-0.0310214;-0.000486648;0.0530614;0.00562078;0.0327254;-0.001102;0.0396642;0.00764696;0.316885;0.0276858;0.581485;0.0712507;-0.0181619;-0.000277498;0.0658449;0.0793065;-0.0445804;0.00794525;0.0467115;0.0085248;0.00509892;0.000145536;0.00553641;0.000566253;0.0440053;-0.000168993;0.0802219;0.0100874;-0.00399511;-0.00190778;0.0118746;0.00351225;-0.00622435;-0.00060858;0.00730375;0.000919809
0.000718661;-0.000124768;0.000722482;0.000156351;0.0639799;-5.31704e-05;0.0639799;0.00418448;0.0107195;-0.00949124;0.0109932;0.00957984;-0.000320237;0.000462058;0.000985335;0.00128521;0.00407953;9.50119e-05;0.00431767;0.00271192;0.470977;0.0236244;0.470977;0.0604485;-0.0502563;-0.00751721;0.0729655;0.0391507;0.016543;-0.0106967;0.016994;0.0109511;0.00186168;-0.00284701;0.00186168;0.00427075;0.502705;-0.015019;0.502705;0.0412339;-0.0766242;-0.020897;0.093772;0.0334915;0.00804274;-0.00234331;0.00912976;0.00305771;0.001025;-0.000180424;0.001025;0.000368946;0.0676886;0.000289102;0.0676886;0.00449423;-0.00892474;-0.00143603;0.0130264;0.00588339;9.33912e-05;-0.000359851;0.00138737;0.000634462
0.000553788;2.62948e-05;0.00056147;9.58894e-05;0.0592403;0.00999682;0.0606231;0.0101122;0.018785;0.00420542;0.0207994;0.00450727;-0.00213388;-0.000362819;0.00213388;0.000383912;-0.00295858;0.000198792;0.00627101;0.0022747;0.46429;0.0297761;0.465738;0.0391802;0.0595101;0.0332123;0.092258;0.0638894;-0.0249603;-0.00856305;0.0281919;0.0112029;-0.00411946;-0.000685835;0.00533181;0.00300582;0.488476;-0.0303501;0.488476;0.0910301;0.024764;-0.0291277;0.0839833;0.176409;-0.0228573;0.00261879;0.0228573;0.0124124;-0.00036424;-0.000160272;0.000712484;0.00020585;0.0706081;0.00332791;0.0706081;0.00624764;0.00351534;-0.000774403;0.0237731;0.00680623;-0.00160121;0.000651331;0.00160121;0.000834286
-0.000588718;0.000222911;0.00115002;0.000618241;0.0030243;-0.000257105;0.00439016;0.00230762;0.072454;0.00218094;0.0739749;0.00502142;-0.00015537;-0.000793625;0.00175039;0.000964339;-0.00366981;-0.00106769;0.00692019;0.00147475;0.0173741;0.00903718;0.0311358;0.0178432;0.490002;-0.0368409;0.501207;0.0452391;-0.00489921;0.000871239;0.00890961;0.0118033;-0.00369427;0.000482346;0.00654811;0.00114756;0.0193994;0.000766294;0.0423713;0.0232139;0.3781;-0.141226;0.470463;0.310168;-0.0261929;-0.054392;0.0280228;0.0571921;-0.000361494;-1.92583e-05;0.00068416;0.000450223;-5.82881e-05;0.000265104;0.00482584;0.0032201;-6.3972e-05;-0.00379158;0.0380707;0.0099372;1.13985e-05;-0.000560037;0.000993256;0.00107076
-2.23745e-05;0.000220867;0.000808029;0.00022772;0.0644227;0.00250505;0.0655832;0.00569512;-0.000709296;0.001498;0.00904031;0.00852985;-0.0111962;-0.000231892;0.0111962;0.00181775;-0.00174817;-0.00032617;0.00532007;0.00280929;0.458937;-0.00892161;0.466881;0.0713634;-0.0151544;0.0137552;0.0992497;0.116815;-0.0289611;0.0202044;0.0289611;0.0204506;-0.00307626;-0.000529387;0.00631777;0.00197667;0.494554;-0.018747;0.495067;0.0404289;-0.0265559;0.0035525;0.166325;0.0293294;-0.0033563;0.00409441;0.0033563;0.00424576;-0.000708097;3.31533e-05;0.000780756;0.000287825;0.069517;0.000383771;0.069517;0.00350294;0.000725705;-0.00493766;0.0101877;0.00658872;-0.000152594;0.000603476;0.000153591;0.000736695
3.37199e-05;7.85454e-06;0.000353836;5.09271e-05;-0.000637613;0.000541827;0.00336482;0.00191089;0.0305097;0.0552093;0.0320995;0.062292;-0.000443226;0.0148068;0.001456;0.016452;0.000246317;-2.42311e-05;0.000540218;0.00054981;-0.0544459;-0.0119588;0.0646206;0.0232869;0.457253;-0.022769;0.464702;0.0359442;-0.00136748;-0.00750953;0.00304932;0.0087633;-9.70669e-05;-0.00138851;0.000314523;0.00187752;-0.0820221;-0.00440908;0.090619;0.0167493;0.497272;0.0107054;0.530457;0.0255747;-0.00150015;0.00333164;0.00247122;0.00560049;0.000139708;0.00046577;0.000197606;0.000538473;-0.0115641;0.00152258;0.0116916;0.00223464;0.0720848;0.00150281;0.0746494;0.00380706;-0.000294434;-0.000381748;0.000365851;0.000481687
9.36279e-05;-0.000125723;0.000143432;0.000157818;-0.0115852;-0.00167116;0.0123255;0.00298385;0.0671813;-0.00210625;0.0713257;0.00546892;-0.000315411;-3.0531e-05;0.000319861;0.000654679;0.00040151;0.000482937;0.000943319;0.00246779;-0.0778094;-0.0014782;0.0857745;0.0167405;0.480296;-0.00651587;0.510601;0.0209619;-0.000594482;0.000674006;0.000964871;0.00541685;0.000696688;0.00141185;0.00180785;0.00223361;-0.0794589;0.0116182;0.0797118;0.0179028;0.467077;-0.00256835;0.493217;0.0263836;-0.000690897;-0.00167205;0.000690897;0.00343091;7.55567e-05;-0.000182101;0.000187514;0.000182101;-0.0106405;-0.000878879;0.0112365;0.00134439;0.0633293;0.00046067;0.0700428;0.00421913;0.0;-0.000841668;0.0;0.000841668
0.00385428;-0.00756751;0.00436356;0.00884278;0.0110658;-0.0121623;0.0122152;0.0130002;0.000642374;0.00164989;0.00612217;0.00308226;0.00019313;0.00046735;0.000634531;0.000512141;-0.0108682;-0.0199965;0.0330288;0.0218005;0.0847307;-0.313754;0.228079;0.331888;0.201826;-0.16175;0.221339;0.187277;0.00181066;-0.0007863;0.0055302;0.0058247;0.0117823;0.0172126;0.0363662;0.0272923;-0.0838622;-0.0267044;0.130433;0.0904071;0.510607;0.0562275;0.514018;0.0726127;-0.00601721;0.00626042;0.00675038;0.00758043;-0.00521777;0.00204161;0.00657747;0.00567748;0.0107416;0.012154;0.0261998;0.022109;0.0582365;0.0204438;0.0584562;0.0230902;0.000232957;-0.000274503;0.000273104;0.000477746
-0.00378341;0.00271982;0.00525627;0.0058282;0.0229301;-0.0293846;0.0335988;0.0421224;0.00387165;-0.00445728;0.0122925;0.0170625;0.0021964;0.000614042;0.00656722;0.00288549;0.00092485;-0.0102302;0.0233754;0.0185271;0.140495;0.242672;0.330535;0.287359;0.0329801;0.37783;0.164759;0.460567;0.0357401;0.0307191;0.0360133;0.0310299;0.00635814;0.0046038;0.0123753;0.0232742;0.390223;-0.0558766;0.392283;0.106644;0.0371514;0.0237135;0.0482522;0.0643294;0.00367786;0.00524379;0.00597145;0.00684001;-0.0030792;0.0133604;0.00309803;0.0133604;0.0266309;0.0372883;0.0322209;0.0437257;0.0155868;0.00218462;0.0194971;0.00690923;-6.25497e-05;0.000123433;0.000577864;0.000828728
0.000443356;-0.00763958;0.00317818;0.00879002;0.00553785;-0.0204214;0.0101467;0.0318858;0.0198166;-0.011603;0.0382694;0.0206207;0.0020197;0.00172488;0.00280678;0.0020083;-0.0200001;0.00266849;0.0253414;0.0325175;0.185081;0.199861;0.267996;0.399114;0.194091;0.31094;0.219556;0.343777;0.00693689;0.0023354;0.00913986;0.00521227;-0.00355015;0.010205;0.00864998;0.0325602;0.38226;-0.0614202;0.387744;0.210679;0.101955;0.0162758;0.10762;0.0811775;-0.00320445;-0.00110377;0.00570754;0.00772218;-0.000517609;0.0119504;0.000856475;0.0119766;0.00052355;0.0766263;0.00754558;0.0774835;0.00868701;0.0102356;0.011871;0.0130106;-0.000178357;-0.000211244;0.000348839;0.000718137
-0.00101855;0.000519667;0.00401035;0.00634718;-0.0232038;-0.0153208;0.0514877;0.0314796;0.0349683;-0.0144582;0.0468578;0.0231725;0.00119169;0.000267786;0.00380888;0.00154697;0.00757555;-0.0129666;0.0181669;0.0211085;-0.26625;-0.0714176;0.34161;0.118158;0.311181;-0.109418;0.323541;0.117593;0.0198207;-0.00235199;0.0421559;0.0112263;-0.000155612;0.00514698;0.0188999;0.0128804;-0.0478869;0.30577;0.368538;0.30577;0.0251264;0.13008;0.413511;0.146047;0.0448546;-0.00914953;0.0519003;0.0118822;0.00155781;0.00883142;0.00646809;0.00883142;0.0154824;0.0274966;0.0389358;0.0293486;-0.0414842;0.053082;0.047394;0.0559932;0.00202119;0.00708123;0.00214794;0.00844781
-0.000638181;-0.00194832;0.00165209;0.00617051;0.0102801;-0.0103988;0.0233315;0.0378314;0.0321344;-0.00355066;0.0371535;0.01396;-0.000342285;-0.000288978;0.00149405;0.00276508;-0.0199906;-0.0011436;0.0234713;0.0653162;0.258473;0.158874;0.296842;0.414519;0.214088;0.0525721;0.235919;0.0935885;-0.00108217;0.00212364;0.00575748;0.0158823;-0.01186;0.0144046;0.0225726;0.05059;0.378281;0.0623626;0.385893;0.451243;0.0778624;0.0203005;0.107203;0.056607;-0.00240946;0.00249796;0.00448291;0.00435296;0.000248521;0.00325519;0.000595349;0.00326696;-0.00526189;0.00450371;0.0113954;0.0104456;0.00215554;0.00597402;0.0073513;0.00709743;0.000492562;0.00188225;0.000536887;0.00188333
-0.00756774;-0.00531544;0.0103605;0.00532142;0.0450981;-0.0460711;0.0529943;0.0587993;-0.0302063;-0.0303872;0.0706846;0.0343967;0.00159024;-3.27481e-05;0.00438645;0.000954818;-0.0261506;-0.000387804;0.0490926;0.0120495;-0.0545561;-0.0856652;0.240576;0.15513;0.182703;-0.0633137;0.441936;0.100395;-0.00360923;-0.00534023;0.0448852;0.0153585;-0.0429172;0.0371359;0.0680531;0.0372553;-0.172375;0.353044;0.457008;0.355139;0.190498;0.0839715;0.250624;0.121327;-0.0066754;-0.00332351;0.0404258;0.0209167;0.0006441;0.0062797;0.00450266;0.00673285;-0.0177236;0.0246344;0.0243848;0.0248625;-0.0174071;0.0887529;0.0222725;0.0888873;0.00206035;0.0132105;0.00251064;0.0133501
-0.00526494;-0.00883998;0.00574426;0.00890773;0.0284846;-0.0421548;0.0465723;0.0539525;0.00191203;0.00591137;0.00808011;0.0101995;0.000488671;0.00167885;0.000951187;0.00185934;-0.0019162;-0.00456167;0.0217639;0.0386553;0.000892527;-0.0993877;0.191741;0.207253;0.376932;-0.141109;0.378418;0.152824;-0.00341767;0.000243448;0.00764426;0.0118824;-0.0206511;-0.0214196;0.0232765;0.0446756;0.19679;-0.037944;0.288587;0.405188;0.31137;0.00761787;0.31137;0.278123;0.00159525;0.001578;0.00721607;0.00634126;-0.000689823;0.00318092;0.0041699;0.00624081;-0.00487204;-0.0152444;0.018437;0.0241738;0.0456794;-0.0212492;0.051453;0.0514308;0.00218935;0.000362988;0.00260577;0.00173598
-0.000790853;-0.0011886;0.00207424;0.00317115;0.0200305;-0.0454641;0.0220535;0.0454641;0.0373025;-0.0264645;0.0394667;0.0271818;-0.000341528;-0.00117559;0.000945131;0.00135817;0.00506917;0.00136035;0.0246078;0.010454;-0.0566039;-0.0703985;0.18559;0.110013;0.428858;-0.0608682;0.429818;0.0766124;-0.00741457;-0.00412248;0.00831162;0.00744029;0.00304573;-0.00539641;0.0145748;0.00986119;-0.0505644;-0.0658983;0.367581;0.0890132;0.344;-0.123802;0.438551;0.264601;-0.0260262;-0.0490389;0.0272061;0.0492412;-0.00231574;0.00109028;0.00247285;0.00375099;0.000632165;-0.0110308;0.0461474;0.024395;0.0209042;-0.00421396;0.0230958;0.0165533;-0.00137544;-0.0021383;0.00169366;0.00228686
0.00862249;-0.0113625;0.0101796;0.0117506;-0.0534775;-0.0159786;0.0546539;0.0247783;0.00412184;-0.0152993;0.0448664;0.0452263;0.0211969;-0.0161237;0.0212065;0.0161422;-0.0059276;-0.0293548;0.0737689;0.0621139;0.072967;0.109517;0.280999;0.276011;-0.0590251;0.160478;0.1911;0.188863;0.038213;-0.0267844;0.0780261;0.040324;-0.0822259;0.0448304;0.088159;0.0468081;0.298402;-0.0408926;0.438;0.264037;-0.172737;0.0162615;0.384759;0.303348;0.0112158;0.0033092;0.0588367;0.0478654;-0.00530427;0.000412977;0.00766234;0.00439927;0.0816918;0.0267349;0.11487;0.0419674;-0.0592628;0.0897894;0.0608415;0.0904533;-0.0030385;0.000816733;0.0119584;0.00346408
-8.35926e-05;-0.000634471;0.00314124;0.00144663;0.0446854;-0.0105347;0.063171;0.0220859;0.014776;-0.00504072;0.0152573;0.00748581;-0.000473491;0.000187984;0.00110474;0.000441502;-0.00318491;0.00840773;0.0194496;0.0173761;0.327884;-0.00701313;0.622649;0.170019;0.0934811;-0.044647;0.100942;0.0853004;0.0067247;-0.00846847;0.0158256;0.0162804;-0.0225807;-0.00857501;0.0322698;0.0111787;0.293589;-0.00553153;0.505372;0.138917;0.0571933;0.0063879;0.178586;0.15992;0.0549069;0.00304887;0.0585971;0.0329551;-0.00390809;0.00115812;0.00494411;0.00215214;0.0320821;-0.00652598;0.0641383;0.0162365;0.0356884;0.00149513;0.0356884;0.00885471;-0.000424883;0.000475734;0.000620913;0.000633951
-0.0003688;9.03865e-05;0.0003688;0.000169727;0.0548323;-0.000756725;0.0879222;0.0021479;-0.000832179;0.00605185;0.00394184;0.00720697;-6.01151e-05;-0.000750322;0.000391611;0.00101749;-0.00116368;0.00135658;0.00142636;0.0020693;0.400756;0.0135302;0.60016;0.0228427;-0.026721;0.0143176;0.0296338;0.0332364;-0.00161674;0.00037899;0.00295365;0.00570533;0.00125682;-0.00140957;0.001411;0.00158821;0.394484;-0.00828508;0.541203;0.0263114;-0.0350924;-0.0144459;0.0353793;0.0483494;-0.00224611;0.000298619;0.00429133;0.00381089;-3.54622e-07;-0.000427327;0.000183245;0.000524594;0.0621974;-0.00649373;0.0795196;0.00702701;-0.0037454;0.00095662;0.00532364;0.00328473;-0.000422242;0.000123755;0.000508842;0.000491489
0.00028757;-0.0040284;0.000510302;0.00698229;0.0491327;-0.00147273;0.124288;0.0305715;-0.00185515;0.00459091;0.00865921;0.00928924;0.00123315;3.55383e-05;0.00123315;0.000780619;-0.0044896;0.0187251;0.0179909;0.0378045;0.365879;0.0159737;0.476665;0.103521;-0.0191969;0.00863916;0.0590659;0.0437545;0.00579078;-0.00337654;0.0079043;0.00724112;0.00673517;0.00974926;0.0154256;0.0299718;0.323365;0.0552526;0.636924;0.270345;-0.030278;0.0122521;0.0566627;0.0783584;0.00736541;0.00731226;0.00992788;0.00833197;0.000226941;0.00376764;0.000945924;0.00381822;0.00715362;0.0231643;0.0283458;0.0299418;0.00137631;0.0038002;0.00365873;0.00856488;-0.000375587;0.000219665;0.00102975;0.000891983
-0.000792126;0.0;0.000792126;0.0;0.0559639;-0.00067815;0.0801169;0.000931442;-0.000538999;0.000266283;0.00134223;0.00154225;-0.000379995;0.000284151;0.000379995;0.000284151;-0.00154863;0.000828316;0.00218661;0.00153269;0.407436;0.0187982;0.586993;0.0293693;-0.0275076;0.0174985;0.0311613;0.0410183;-0.000837159;-0.00204959;0.00278221;0.00855837;0.000643753;-0.0027105;0.00194229;0.0027105;0.409479;-0.0234359;0.538163;0.0320651;-0.0372493;-0.00269155;0.04047;0.0451542;-0.00478441;-0.00014833;0.00658621;0.00510861;-1.49793e-05;-0.000222963;0.000252381;0.000548816;0.0667223;-0.00290187;0.0785845;0.00439444;-0.00596662;0.000727754;0.00615384;0.00797801;-0.000680313;0.000532204;0.00112001;0.000807347
0.000175665;-0.000161135;0.000221032;0.000232115;-0.0102715;-0.000674009;0.0108146;0.00192392;0.0568016;0.00167345;0.0690359;0.00471602;-0.000597398;0.000453436;0.000624765;0.00156409;-0.000692214;-0.000320316;0.0013613;0.00171448;-0.0821942;-0.0148241;0.0897202;0.0155907;0.429205;-0.00379652;0.488517;0.0295443;-8.11209e-05;0.00276666;0.00157761;0.00473411;-0.000698367;-0.00190085;0.00154978;0.00212377;-0.107345;-0.0055481;0.110524;0.0124882;0.477419;0.00892466;0.533688;0.0630565;-0.00407947;-0.00183788;0.00434748;0.00545484;-4.5927e-05;0.000192976;0.000126018;0.000304251;-0.015259;-0.00193452;0.0155209;0.00267982;0.0688946;0.00164436;0.0813931;0.0046369;-0.00010361;-9.84632e-05;0.000266278;0.000397017
-0.000623937;5.71869e-05;0.000752065;0.000369627;0.0666209;-0.0105079;0.0667507;0.0113393;0.00223006;-0.00286507;0.00238728;0.00390921;0.00140742;-0.000137451;0.00140742;0.000407163;0.00270013;-0.00111098;0.00588022;0.00363874;0.475234;0.0467871;0.475917;0.151168;0.0214567;0.0184572;0.0326282;0.0304255;0.0122189;0.00229914;0.0123451;0.00506826;0.00660726;-0.000941773;0.00836939;0.00581239;0.480381;-0.061459;0.504756;0.0657673;0.0314065;0.0070849;0.0365268;0.0390433;0.012145;0.00193264;0.012675;0.00474732;0.000547833;0.000428511;0.00175944;0.00120665;0.0767198;0.000589822;0.0780178;0.00794172;0.00541669;0.00485994;0.00783742;0.00893453;0.000109886;-0.000523313;0.000997158;0.000840773
9.13478e-05;0.000282795;0.000166879;0.000294467;-0.00169605;0.00382289;0.0019272;0.00411268;0.000550426;0.00378933;0.00178424;0.0041514;-4.95023e-06;0.000265403;0.000248082;0.000265403;0.000109185;-0.000156832;0.00112164;0.00207559;0.174291;0.153374;0.230869;0.188999;0.0521442;0.340164;0.0593357;0.340987;0.00344783;0.0413243;0.00637574;0.0413243;-0.000999098;0.000164337;0.00114286;0.00167041;0.443201;-0.0767267;0.620492;0.0940448;-0.0313335;0.0191497;0.0567546;0.0225148;-0.00351085;0.0027862;0.00351085;0.00353876;-0.000187782;-0.000238728;0.000278613;0.000297842;0.070824;-0.0111802;0.0905057;0.0144161;-0.00472305;0.000427762;0.0201342;0.00658349;-0.000637225;0.000147985;0.000686967;0.000287702
-0.000257878;0.000342728;0.000402857;0.00044356;-0.00178144;7.22182e-05;0.00361328;0.00239985;-4.23616e-06;0.00244216;0.00192791;0.00323159;-1.4746e-05;0.000384486;0.000350647;0.000526646;-0.00277931;0.00378407;0.00287566;0.00378407;0.179691;0.175827;0.213094;0.202515;0.0483307;0.395398;0.067832;0.395398;0.00780989;0.0458767;0.00892975;0.0458998;-0.00413154;0.00111534;0.0052823;0.00331782;0.465896;-0.0807969;0.526944;0.0964726;-0.0369059;0.0390749;0.0400629;0.0467975;0.000756549;0.00629688;0.00437342;0.00635476;-0.000881592;0.000324027;0.000881592;0.000324027;0.0564121;-0.00420915;0.0698975;0.00833059;0.0141063;-0.00651541;0.0213751;0.00751343;-0.000776036;0.000201543;0.000872191;0.000245323
