-0.00013051;0.000254426;0.000676209;0.00110717;0.0044954;0.000922439;0.00540541;0.00603019;0.080094;-0.00405502;0.080094;0.00463855;-0.000153321;-0.000280902;0.000350681;0.000435062;-0.0012079;0.000561391;0.0057069;0.00331624;0.0141705;0.000173967;0.0378731;0.0277342;0.55162;-0.00705486;0.561387;0.0138716;0.000600135;-0.000343047;0.0018728;0.00196871;0.00492498;0.00747614;0.00721522;0.0426088;0.0218195;0.14277;0.0450395;0.240539;0.30922;-0.080754;0.341767;0.212888;-0.00192641;-0.048541;0.0141267;0.0881772;0.000601829;-0.000829792;0.000725702;0.00128736;0.0137876;-0.0413596;0.0146825;0.042745;0.0185094;-0.034143;0.0224576;0.0404164;0.00157245;0.00165206;0.00171046;0.00293402
3.18559e-05;9.1949e-05;0.000118246;0.00014336;0.0623881;0.012061;0.089918;0.0167839;0.00566532;-0.00327753;0.0179695;0.0124515;0.000302393;0.000219955;0.000334849;0.000219955;0.00331592;0.0144442;0.0070812;0.0329288;0.434807;0.108983;0.645018;0.152949;-0.0875411;-0.0395613;0.223511;0.0811112;-0.00158448;-0.00531197;0.00228636;0.00576078;0.00299062;0.00603296;0.0171267;0.026611;0.107392;-0.116521;0.283229;0.185079;0.0223332;-0.255643;0.0611415;0.2568;0.00547346;-0.0382988;0.00603992;0.0414919;0.000158399;-0.00246645;0.00168119;0.00418936;-0.000262124;-0.000760745;0.00252673;0.00642975;0.000954118;0.0005994;0.00227355;0.00255332;1.70817e-05;-0.000235923;0.000206945;0.000252375
-0.000719566;-0.00541904;0.00231395;0.00891561;0.00375658;0.0382035;0.0140469;0.053404;-0.0684434;0.0265915;0.0690438;0.0294825;0.000375388;-0.000271445;0.000670309;0.000327396;0.000714019;-0.0273183;0.00667995;0.0690985;0.181878;-0.236048;0.189365;0.528074;-0.00113332;0.00565255;0.234024;0.460702;-0.0406264;0.00874472;0.0476817;0.0347934;-0.000198986;-0.00163118;0.00098567;0.00222345;0.246565;-0.0384228;0.254554;0.101906;0.0207199;-0.0447317;0.295023;0.254572;-0.0417604;0.010554;0.0644781;0.0463529;-5.66859e-05;0.000137054;0.000382019;0.000170954;0.0248737;0.0026475;0.0253849;0.00552515;0.0192643;0.0150575;0.0284923;0.0178003;0.00370561;0.00115226;0.00479415;0.00511715
0.000185156;-0.000526967;0.000302176;0.000769197;-0.00120984;-0.000532967;0.00240306;0.0032949;0.0170314;0.0101552;0.0346429;0.0151661;0.0108937;0.00494657;0.0144724;0.00665184;-0.00158743;0.000988184;0.00159887;0.00436356;-0.000821913;-0.0502381;0.0250777;0.0577847;0.401519;0.085032;0.550438;0.237763;-0.00451345;-0.0111989;0.0131134;0.0119397;-0.0120728;0.00328021;0.0120728;0.012682;0.0305847;0.171918;0.249918;0.410247;0.159267;-0.0752653;0.306988;0.252462;-0.00711597;-0.0491415;0.0246942;0.0524066;-0.00613092;-0.00180218;0.0131467;0.00539192;-0.00119625;0.00351237;0.0312731;0.0194295;0.0242986;0.0155375;0.0439587;0.0429271;-5.78551e-05;0.00313867;0.00217845;0.00634352
-0.000180751;0.000399866;0.00044431;0.000740587;-0.000718168;0.00271694;0.00422667;0.00770698;0.033706;0.0149074;0.0551222;0.0200739;-0.00211507;0.00676277;0.00596257;0.00941027;0.000305405;0.0010925;0.00539716;0.00417266;-0.0034895;-0.00532535;0.0162579;0.0307964;0.427555;0.127841;0.560951;0.179693;-0.00146427;-0.00345736;0.00382664;0.00780347;-0.0065917;0.032441;0.00789336;0.0350261;0.0528279;0.0748214;0.184177;0.270039;0.17216;-0.103079;0.323982;0.401488;0.00367795;-0.0507251;0.0117365;0.0814568;0.00432904;0.00243245;0.00819704;0.00287903;-0.028945;-0.00886234;0.0930397;0.0341782;0.00397032;-0.0304068;0.0249394;0.0385033;0.000816206;-0.00900797;0.000823744;0.00900797
0.000567855;0.00166291;0.000739763;0.00187001;-0.00108804;0.0131746;0.00233468;0.015197;0.0493783;0.0129732;0.0760629;0.0169537;-0.00538065;-0.000417321;0.00626414;0.00118336;-0.00129184;0.0120448;0.0189061;0.0232717;-0.107657;0.00265346;0.194875;0.220036;0.344223;0.0490235;0.708297;0.175696;-0.0197283;-0.011267;0.032241;0.0200543;0.0213669;0.0016288;0.0435567;0.0407074;-0.185423;0.0866381;0.250991;0.239399;0.111871;-0.0988004;0.121712;0.161952;0.00603562;-0.0494922;0.00703565;0.0499829;-0.00354703;-0.00146211;0.00394153;0.00352337;0.000500083;-0.025743;0.0101995;0.0312835;0.00153269;0.00300835;0.00192257;0.00509314;0.000223069;0.000372273;0.000337241;0.000541088
0.00266166;4.27668e-05;0.00269771;0.000310261;-0.0093326;-0.0234631;0.0613129;0.0383538;0.0413066;0.000108657;0.0581516;0.00167366;-0.000875269;-2.45934e-05;0.00105984;0.000204121;0.0133182;0.00232451;0.0144033;0.00266096;-0.0350571;-0.112456;0.281175;0.459421;0.288638;0.00296941;0.378061;0.0231891;-0.00191762;0.00138084;0.0051521;0.00235588;0.0126248;0.000327882;0.0134159;0.00339837;-0.0672005;0.166647;0.357535;0.273345;0.299222;0.0220857;0.353915;0.0272985;-0.00096589;0.000657027;0.00133948;0.00247879;0.00186887;-0.000122855;0.00208713;0.000393304;-0.00522952;-0.0097952;0.0286616;0.0342552;0.0443853;0.00111824;0.0498036;0.00164732;-8.69822e-05;0.000118515;0.000167795;0.000194783
0.00251507;0.000226677;0.00251785;0.000336003;-0.00523315;0.0163318;0.0542768;0.046686;0.0395772;0.000698873;0.0523227;0.00160565;-0.000999502;-6.88818e-06;0.00132507;9.84892e-05;0.0184495;0.000510627;0.0184898;0.00246741;-0.047568;-0.177348;0.322702;0.27225;0.28923;-0.0117957;0.381761;0.0185694;-0.00563318;0.000845437;0.00806611;0.0012756;0.0166725;0.00192562;0.0178398;0.00220737;-0.0342872;0.143964;0.263816;0.490732;0.286077;0.010318;0.351605;0.0247224;-0.00255856;0.00180818;0.00605992;0.00227143;0.00253198;-7.98209e-05;0.00256124;0.000497931;-0.0100572;0.00053668;0.0631915;0.0192978;0.0413441;0.00403527;0.047237;0.00476591;-0.000111235;0.000144273;0.000165498;0.000362136
0.0020241;2.1931e-05;0.00202509;0.00130576;-0.00421159;-0.0089193;0.0490901;0.0317866;0.0371318;0.00281039;0.0474562;0.00389865;-0.000438552;-7.17864e-05;0.00097803;0.000371181;0.0159306;0.0015149;0.0160982;0.00223742;-0.0273379;-0.161837;0.319036;0.311793;0.28269;0.000202519;0.380639;0.0208737;-0.00504913;0.000350498;0.00670866;0.00185529;0.0150592;-0.00079566;0.0150762;0.00286827;-0.0426589;0.19818;0.3514;0.344914;0.290717;-0.00577553;0.40128;0.0214541;-0.00673554;0.00040293;0.00804408;0.00140877;0.00261047;0.000269355;0.00266766;0.000397677;-0.00917648;-0.00954878;0.0598396;0.0408792;0.0435321;0.000416811;0.059606;0.00227135;-0.000822126;0.00010579;0.00110484;0.000311378
0.00337458;0.000148281;0.00386395;0.000519238;-0.00266208;-0.0195555;0.0375233;0.0583758;0.0562222;-0.000588762;0.0620782;0.00304877;-0.000882128;0.000518483;0.00151155;0.000758049;0.0261798;0.00053135;0.0268961;0.00238836;-0.0322095;-0.0489804;0.363063;0.214232;0.377072;0.00910883;0.398823;0.0201784;-0.00134297;0.00095103;0.00234866;0.00182503;0.0240735;0.00124734;0.0243561;0.00472774;-0.0269908;0.0591679;0.29505;0.280253;0.395172;0.00608036;0.404857;0.0157441;-0.0012447;0.000611425;0.00201733;0.00254313;0.00345119;-0.000326742;0.00352984;0.000413715;-0.00500312;-0.00434234;0.0562048;0.0407275;0.0588706;-0.000540668;0.0607387;0.00145309;-0.000376891;8.8304e-05;0.000686647;0.000144221
0.00229607;-0.000782564;0.00308532;0.000850508;-0.00960021;-0.0370514;0.0474668;0.0417587;0.053817;-0.00498703;0.0546205;0.00656327;0.000339439;-1.55651e-05;0.000339439;0.00011228;0.0145314;-0.000517969;0.0151066;0.0094471;-0.0428403;0.000444319;0.383284;0.295813;0.305053;0.0114887;0.360945;0.0312395;-0.00367755;-0.00130357;0.00678145;0.00275143;0.0179433;0.000431454;0.0181637;0.00194372;-0.0381765;-0.00789123;0.376035;0.284288;0.324527;-0.0025507;0.420893;0.0290045;-0.00567014;0.00101005;0.00805549;0.00188059;0.0025771;-0.000242535;0.0025771;0.000669094;-0.00583089;0.0612679;0.0579394;0.0774437;0.0458318;-0.000800522;0.064765;0.00344633;-0.00109266;9.68362e-05;0.00129532;0.000180687
-0.000948927;-0.00032499;0.00100536;0.000793256;0.0165642;-0.00143018;0.0167194;0.00772031;0.0133545;-0.00702208;0.0788851;0.0419346;0.0122298;0.000332292;0.0124932;0.000715407;5.02483e-05;-0.00035935;0.00373188;0.00300392;0.101807;0.0074883;0.122471;0.0172684;0.093185;-0.221768;0.431747;0.409997;0.0891568;-0.00205867;0.0893068;0.00400459;3.08028e-05;0.00106776;0.00338046;0.00205996;0.102042;-0.00354486;0.131266;0.0220635;0.103942;0.257946;0.453641;0.45024;0.0837688;-0.00375845;0.0841485;0.00467655;1.71694e-05;0.000405989;0.000185641;0.000533023;0.0137983;0.00105431;0.0169314;0.00235747;0.0152286;-0.0133056;0.0702584;0.0509053;0.0112071;-0.000133088;0.0112303;0.000674678
0.000365149;-0.000170801;0.000670226;0.000176085;0.0130945;0.00283267;0.0258119;0.00322291;0.0468262;0.000349401;0.0725734;0.00224785;-0.000604499;-1.3623e-06;0.000653395;6.64582e-06;-0.00154963;0.0209654;0.0257173;0.0252395;0.0149004;-0.0569478;0.243737;0.169868;0.365942;0.0108004;0.481847;0.0483229;-0.00559811;-0.000256186;0.00559811;0.000977057;-0.00110801;-0.0158822;0.0204066;0.0181145;-0.0536076;0.083525;0.24451;0.231339;0.440045;0.0208267;0.444793;0.0521327;-0.00518149;-0.000193447;0.00620702;0.00230995;-0.00115046;6.53098e-05;0.00115046;0.000312704;-0.00690474;-0.00764186;0.054506;0.0143495;0.0550835;0.00298911;0.065984;0.00742429;0.00122061;-0.00186316;0.00183493;0.0021012
5.35235e-05;0.000179421;0.00440985;0.00136273;-0.00918135;-0.00717364;0.0115516;0.0110795;0.0581104;0.00199001;0.0598546;0.00404952;0.00030735;6.0212e-05;0.000408912;0.000117257;0.0104098;-0.00283084;0.0166452;0.00435282;-0.0820394;-0.0576026;0.306627;0.322806;0.359218;-0.0135988;0.399581;0.0257812;0.00501248;-0.00519109;0.00550261;0.00578895;0.0080164;-0.00206299;0.00957184;0.00290524;-0.0808221;0.115905;0.377345;0.237584;0.316687;0.00667587;0.403594;0.0163545;0.00643527;-0.00823682;0.00683627;0.00936191;0.000543183;0.000154374;0.000890018;0.000408907;-0.0108225;0.00804968;0.0621123;0.0361347;0.047221;0.00184103;0.0629278;0.00268847;-0.000231892;0.000235385;0.00037342;0.000401853
0.00122231;-0.000537956;0.00146191;0.000605441;-0.0115059;-0.0035675;0.0609597;0.0297092;0.0453786;-0.000736007;0.0594837;0.00224895;0.000712508;-0.00103588;0.000902639;0.00122826;0.00282235;0.00104641;0.00521722;0.00336759;-0.0642955;-0.0797764;0.376624;0.233382;0.325449;0.0180156;0.44287;0.0251831;-3.60796e-05;0.00153248;0.00233979;0.00299657;0.00435827;0.00163203;0.00664927;0.00455531;-0.0669478;0.0584981;0.360762;0.20829;0.332609;0.0228207;0.421706;0.0248738;-1.57858e-05;-0.000990452;0.0031286;0.00248124;-0.0004964;0.000899466;0.00160535;0.00123335;-0.00692604;0.0083825;0.0349456;0.0209544;0.0512562;0.00477418;0.064455;0.00502704;-0.00020133;0.000470186;0.000330065;0.000724152
-9.19399e-05;0.000167632;0.000958578;0.000365411;-0.00563334;-0.0232689;0.0494694;0.0356867;0.0506894;0.00214861;0.0662466;0.00351275;3.75047e-05;0.000309499;0.000508987;0.000495734;-0.00193402;0.00389286;0.00545556;0.00587689;-0.0206019;-0.0407835;0.31901;0.15535;0.347786;0.0173088;0.45884;0.023398;0.00186984;0.000198823;0.00255751;0.00306222;-0.0074622;0.00425298;0.0231119;0.021084;-0.0491231;0.079795;0.32419;0.169819;0.380327;0.0376153;0.47453;0.0428205;-0.00303458;0.000232801;0.0041422;0.0031773;-0.000696409;-0.00019845;0.00087955;0.000438734;-0.00268453;-0.00302336;0.0488814;0.0261728;0.0552986;0.00738313;0.0718286;0.00738313;-0.000249638;0.000429184;0.000511814;0.000581047
0.00152034;-3.83403e-05;0.00180647;0.000369177;-0.0148636;-0.0306209;0.040303;0.0503152;0.0554828;-0.0034494;0.0586107;0.00427733;0.00105645;-0.0012672;0.00113224;0.00133369;0.0110298;-0.00205779;0.0117636;0.00371342;-0.112892;0.0234508;0.370759;0.175749;0.347339;0.000329128;0.415931;0.0137319;0.00409418;-0.00452054;0.00471869;0.00570119;0.00704594;0.00102701;0.00753955;0.00335106;-0.0947563;0.0174049;0.353286;0.238551;0.351637;0.0112815;0.431211;0.0201339;-0.00147764;0.00136362;0.00292171;0.00322856;0.00131559;-0.000276294;0.00139989;0.000467259;-0.0153007;-0.0039832;0.0616022;0.0205969;0.0511548;0.0025027;0.0625682;0.0026661;-0.000159549;-5.90156e-05;0.000694791;0.000310323
0.00126727;0.000371549;0.00141704;0.000555565;-0.0089752;-0.0119778;0.0429338;0.0144922;0.0525372;-0.000546138;0.0665086;0.00191716;-0.000166744;0.000181864;0.000474086;0.000334146;-0.00723037;0.00268578;0.0178411;0.0126499;-0.0754399;0.0173711;0.356225;0.165203;0.374708;0.0132284;0.451047;0.0175058;-0.00549519;-0.000242225;0.0060968;0.00315523;0.00113528;-0.00595417;0.00745563;0.00638683;-0.0414792;-0.00214496;0.3197;0.159874;0.366213;0.0246073;0.457181;0.0284084;-0.00624185;0.00269856;0.00724671;0.00332696;8.40902e-05;0.000255529;0.000965899;0.000255529;-0.000340357;0.018;0.0565825;0.0303245;0.0534964;-1.92015e-05;0.0613401;0.0061809;-0.00293738;0.00090684;0.00299359;0.00090684
0.000222744;-0.00170288;0.00222988;0.00300582;-0.00806459;0.0083521;0.0405869;0.0257566;0.0642774;-0.00265527;0.0642774;0.00571855;-0.00138575;-5.61547e-05;0.00148126;0.000347643;-0.00838847;0.00249869;0.00851034;0.00292699;-0.0239308;0.030489;0.356148;0.159015;0.36574;-0.000261764;0.441494;0.0350587;0.00395279;-0.00995245;0.00922471;0.0114307;-0.0109205;0.00300953;0.0110352;0.00379105;-0.0158528;-0.050178;0.313035;0.209955;0.360774;0.0227021;0.466263;0.0264934;-0.00377775;0.00165594;0.0055855;0.00474993;1.74276e-05;-0.000257724;0.00146055;0.00142367;-0.00697184;0.0173233;0.0445094;0.0272488;0.0534752;0.00668648;0.0721801;0.00743097;-0.000605073;-0.000285849;0.00113852;0.000603677
0.000705123;8.44413e-05;0.000790676;0.000138282;-0.00698538;0.00481158;0.0445184;0.0172765;0.0578073;0.0018524;0.0652028;0.00378477;-0.000819885;0.000302674;0.00083723;0.000480846;-0.00598404;0.00429709;0.00819688;0.0055116;-0.0304601;-0.131838;0.331544;0.219102;0.386325;-0.00381921;0.436542;0.021485;-0.00566718;7.65903e-05;0.00567586;0.00101095;-0.000536308;-0.00581265;0.0084556;0.00600964;-0.0156951;0.0974486;0.273532;0.245941;0.37043;-0.0123678;0.425493;0.0293234;-0.00339859;-0.00059974;0.00359004;0.00163936;0.000814665;-0.000209535;0.000840792;0.000261286;-0.00299308;0.0158596;0.0367497;0.0220802;0.0538755;0.000141461;0.06152;0.00248906;-0.000474334;0.000267121;0.00048084;0.000288524
0.000444398;-0.000325786;0.00151559;0.000517895;-0.00993646;-0.0106872;0.0594721;0.0194502;0.0571322;-0.00157914;0.0614456;0.00229854;0.000277612;-0.000872913;0.000558098;0.000994755;0.00439939;0.000107591;0.00560258;0.00120448;-0.0493004;-0.0396337;0.315293;0.124603;0.38754;0.0116032;0.427066;0.0226263;-0.00589162;-0.00100742;0.00698513;0.00240951;0.00281297;0.00191893;0.00712459;0.00281523;-0.0530841;0.0576666;0.391175;0.119775;0.393723;0.00894707;0.443883;0.0179616;-0.00605563;0.00129574;0.00607523;0.00288026;-0.00110681;-3.59559e-06;0.00167685;0.000986563;-0.00259755;-0.0123974;0.0246802;0.0438453;0.0573297;0.000218532;0.0664321;0.0029759;-0.000601702;-2.88475e-05;0.000609021;4.7591e-05
-0.00217928;0.00105126;0.0021825;0.00105126;0.000479658;-0.0321294;0.0364837;0.0413931;0.0542171;0.000245548;0.0633813;0.00430296;-0.000768217;6.0165e-05;0.000782603;0.000189266;-0.000660106;-0.00551212;0.00434135;0.00551212;-0.000745771;-0.0264836;0.296246;0.196615;0.377219;-0.00757073;0.442417;0.0347367;-0.00376997;-0.00158131;0.00415745;0.00250858;0.00418285;0.000196459;0.00438341;0.00211871;-0.030928;0.0605801;0.31955;0.179078;0.398379;0.0129672;0.458582;0.0217099;-0.00394801;0.0017505;0.00436627;0.0026646;0.000400195;2.23606e-05;0.000530534;0.000689946;-0.00973535;0.00511743;0.0661442;0.0243145;0.0629945;0.00179413;0.0692012;0.00374123;-0.00100682;0.000495606;0.00106002;0.000623032
0.000579806;-0.000252875;0.000762047;0.000353748;0.00116644;-0.016778;0.0371649;0.0262009;0.0498802;-0.00216232;0.0589588;0.00462417;-0.00046139;-0.000313535;0.00049286;0.000427003;0.00634319;0.000386459;0.00638411;0.00143013;-0.0364487;-0.0286082;0.305647;0.168703;0.379268;0.0162994;0.431459;0.0189545;-0.00295012;0.00124568;0.00311112;0.00201641;0.00623435;0.000965811;0.00645869;0.00227076;-0.0711211;0.0472633;0.349741;0.142065;0.419382;0.0165716;0.447202;0.0214176;-0.00742164;0.00355113;0.00751998;0.00364457;0.000378255;0.00051765;0.000825765;0.000665503;-0.00906984;-0.00499015;0.0342405;0.0131927;0.0661293;-0.000204926;0.0666121;0.00238495;-0.000944175;0.000835716;0.00100467;0.00084657
0.00222932;1.33723e-05;0.00252909;0.000500466;0.024828;-0.00521553;0.0355475;0.012693;0.011647;0.000157591;0.012932;0.00679855;-0.00346617;-0.000235461;0.00361143;0.000973181;0.0354759;0.00105543;0.0376182;0.0205529;-0.0060963;-0.329717;0.217413;0.383122;0.273486;-0.108853;0.273486;0.164947;-0.0426356;-0.0117273;0.0426356;0.0117273;-0.0175059;-0.011971;0.0184903;0.0129044;0.0807677;-0.0188839;0.114565;0.0589716;0.470179;0.0546002;0.473609;0.0607219;-0.0803557;-0.0149977;0.0804959;0.015063;-0.000878321;-0.000144772;0.00279722;0.000637225;0.0198562;0.00382135;0.022305;0.00539492;0.0574585;0.00727121;0.0657714;0.0108797;-0.0151947;-0.00254692;0.0151947;0.00262561
6.47232e-05;-4.84018e-05;7.61044e-05;0.000180485;0.0696428;0.00571781;0.070601;0.00703965;0.0017836;-0.00646074;0.0122988;0.00869634;0.00138194;0.0002115;0.00208223;0.00037444;-0.00085081;0.00187461;0.00214306;0.00448727;0.448679;0.0240457;0.451574;0.0478445;0.00616587;0.0149983;0.0399707;0.0674607;0.0140493;0.00322831;0.0223005;0.00549571;3.59383e-05;0.000180684;0.00309016;0.00390295;0.251242;-0.17103;0.288988;0.284601;0.0763301;-0.333153;0.26806;0.350722;0.00298233;-0.000792508;0.0242789;0.00438804;-3.18118e-05;-0.000526815;0.000306654;0.000534035;0.0158897;0.00145983;0.0320832;0.00346084;0.0418666;0.00874033;0.0456736;0.0092563;-0.00213048;-0.000501745;0.00432294;0.000953814
-0.00157131;0.00219701;0.00189963;0.00304873;0.00833184;0.00897111;0.0146473;0.0117083;0.0384447;0.0183027;0.0664012;0.0254609;0.0010599;0.0040578;0.00186474;0.0040578;0.000516596;0.00502497;0.0071999;0.0167273;0.238471;-0.0153698;0.25398;0.375956;0.254519;0.00479417;0.403835;0.196701;-0.0106812;0.0275338;0.0133848;0.0275338;0.00270779;0.00892707;0.00587303;0.016687;0.0120102;0.0552922;0.0371979;0.0953195;0.460884;0.0356721;0.467575;0.0641316;0.000580416;0.00573543;0.00184967;0.00573543;0.000905968;-0.000697845;0.000912483;0.000994219;-0.000266068;4.72619e-05;0.00470692;0.00344148;0.0698512;-0.0145078;0.0702758;0.0154864;-9.58042e-05;0.000880508;0.000532604;0.00102575
0.000486619;0.000122024;0.000815439;0.000533981;-0.0173541;0.00434454;0.0178039;0.00460868;0.0700323;0.000747864;0.0737503;0.00208228;0.000903695;-0.000116717;0.0013511;0.000208743;0.00842104;0.000491495;0.00842104;0.00250485;-0.139971;-0.0150642;0.140381;0.0405287;0.476758;-0.00687217;0.500125;0.0215935;0.00538425;0.00128012;0.00846484;0.00169335;0.0037994;-0.00153697;0.00696265;0.00368838;-0.100874;0.00678273;0.102824;0.0293131;0.458847;-0.00272669;0.477775;0.0183567;0.00498377;0.000177309;0.00708372;0.00157233;0.000774065;0.000230953;0.000979827;0.000463027;-0.0124866;0.00117913;0.0127796;0.0036925;0.063254;0.000304525;0.0657576;0.00195129;0.000784047;0.000178789;0.00118;0.000382502
0.00137869;-2.42488e-05;0.00139563;0.000239327;-0.0115919;-0.00171562;0.0127062;0.00178043;0.0547485;-0.00411524;0.0831689;0.0119918;0.000507773;-0.00146476;0.000597433;0.00157105;0.00580111;0.000814815;0.00857003;0.00282664;-0.132651;-0.0537921;0.133907;0.0548776;0.456369;0.0147972;0.505214;0.0766869;0.00135683;0.00660102;0.00317082;0.0192134;-0.00296538;-0.013529;0.00660691;0.013598;-0.0634695;-0.0275762;0.215773;0.181824;0.425461;-0.0182612;0.425461;0.155028;0.0053047;-0.00380526;0.00619658;0.00452387;-0.000686657;0.00163182;0.000890939;0.00180307;-0.00949336;0.00749648;0.00949336;0.00924274;0.0376882;-0.0362106;0.0380716;0.0441253;0.00360083;-0.00997537;0.00381179;0.0106812
-0.000116744;-3.16799e-05;0.000362569;0.00011763;0.0647743;0.00333682;0.0917592;0.00493022;0.00266182;-0.00219466;0.00348323;0.0037188;-0.0012537;-2.33554e-05;0.00162401;0.000700898;-0.000970225;-0.00322119;0.00243422;0.00369755;0.359925;0.0110684;0.557994;0.102457;0.0683609;0.0390191;0.0735416;0.217863;-0.0102156;-0.000135751;0.0179185;0.0282599;-0.00202553;-0.00204859;0.0174088;0.0188846;0.417048;-0.0207648;0.515295;0.115802;0.0646928;-0.0146384;0.0658906;0.0242702;-0.0082665;0.00695232;0.0184448;0.00888979;9.12248e-06;-0.00326187;0.00155264;0.00409196;0.0440329;-0.0326489;0.0498645;0.035531;0.0238881;-0.042253;0.0241409;0.0433999;0.00107668;-0.00300074;0.00107668;0.00322544
-0.00210677;-0.00166946;0.0023545;0.00241976;0.0103929;-0.0242742;0.0112031;0.0256091;-0.00161272;-0.0145982;0.0085919;0.0155778;0.000713512;-0.000946633;0.0072735;0.00834997;-0.0177257;0.0064935;0.0185281;0.0113231;0.0294468;-0.0362853;0.145131;0.133821;0.149825;-0.0176199;0.38591;0.349936;0.0917149;0.06059;0.0923547;0.06059;-0.00395782;-0.00638411;0.00485667;0.00683924;-0.110679;0.0689914;0.11662;0.0911128;0.504407;0.0573177;0.522862;0.249293;0.0292076;0.0062526;0.0294616;0.011006;-0.000338736;-0.000300931;0.000417819;0.000364689;-0.00140864;-0.00434464;0.00317297;0.00566111;0.0205191;-0.0179737;0.0372486;0.026253;0.0118025;-0.0073128;0.0120566;0.00742114
7.63717e-05;5.56516e-05;0.00035217;6.66249e-05;0.060161;0.00224373;0.0810036;0.0028667;0.000693081;0.00128034;0.0038271;0.00188962;-0.00109249;-0.000201221;0.00208149;0.000429167;-0.000317396;-2.91065e-05;0.00207163;0.00105948;0.419153;0.00798936;0.589721;0.0169481;0.00704488;0.00646427;0.0210193;0.01777;-0.0103132;0.00188386;0.0106639;0.00288076;0.00045031;-0.00106061;0.00241744;0.00146991;0.343983;-0.0161051;0.524978;0.0930075;0.0532901;-0.0426693;0.0558832;0.207274;-0.0106368;-0.0076211;0.0121703;0.0274333;-0.000199423;-0.000835128;0.00103811;0.00145369;0.0592774;-0.00575597;0.0803022;0.0105859;0.00586789;-0.00128244;0.0063373;0.00295247;-0.00175914;0.00173965;0.00362878;0.00174487
0.000503959;3.43205e-05;0.000503959;0.000131352;-0.0060148;-0.000203622;0.0367263;0.0017643;0.0687476;0.0019206;0.0701819;0.00236306;-0.000353269;0.000190073;0.000813678;0.000487466;0.00246787;-0.00058148;0.00408004;0.00155884;-0.00682839;-0.000176092;0.299686;0.0117858;0.414481;-0.133208;0.441914;0.143122;-2.43402e-05;-0.0230101;0.00524624;0.0245288;0.000756812;-0.00164979;0.00466447;0.00359203;0.0206687;-0.0366948;0.316447;0.0383159;0.405177;0.105662;0.423384;0.154758;-0.00132751;0.0227995;0.00641835;0.0267782;-0.00103922;-0.00223197;0.00131652;0.00223197;0.00829304;0.0156835;0.0364527;0.0359263;0.0545179;-0.0110068;0.0545179;0.0144532;9.5648e-05;-0.0002963;0.000361572;0.000492191
-0.00151431;0.000144973;0.00151431;0.000144973;0.0179056;0.0133522;0.0416337;0.0348733;-0.0177859;-0.00837784;0.0323927;0.0351565;-0.000201198;-0.00629624;0.000882856;0.0227715;-0.0016737;-0.00429562;0.00208976;0.00429562;0.196264;0.00521781;0.454233;0.123127;-0.256966;0.118386;0.278588;0.197885;0.000345116;0.00798941;0.00143068;0.0192339;4.36691e-05;0.00299661;4.36691e-05;0.00299661;0.346994;0.00318178;0.435103;0.0672976;-0.317964;0.0313234;0.323656;0.0778815;-0.00191924;0.00897614;0.00247189;0.00897614;-4.32565e-05;-0.000728688;4.32565e-05;0.000728688;0.0494129;-0.00676161;0.0539921;0.00791267;-0.0356369;0.00669199;0.0425246;0.00669199;-0.000931697;7.1108e-05;0.000931697;7.1108e-05
0.00111427;0.0212577;0.00145571;0.0223709;-0.00998869;0.139963;0.0140294;0.148285;-0.0193788;0.1391;0.0226182;0.144146;-0.0028907;0.00791233;0.00308759;0.00858368;0.00567067;0.00231267;0.0129135;0.00841423;-0.183997;-0.0530591;0.212251;0.196671;0.1086;-0.101973;0.387815;0.247078;-0.0133793;0.0393724;0.103932;0.0454137;0.00304134;0.000969591;0.00857502;0.00810284;-0.103096;0.108979;0.171252;0.142408;0.0296861;0.199312;0.565098;0.266985;0.0249948;-0.00117298;0.1071;0.0388631;-0.000204502;-0.00546196;0.0018838;0.0106326;-0.00556277;-0.0461879;0.0128219;0.0833825;-0.0186319;-0.0850057;0.0212137;0.107937;-0.00802706;-0.0195796;0.00804951;0.0196448
0.000489495;0.000343798;0.000696921;0.00126729;0.0176125;0.00836953;0.0200609;0.0125398;0.0216334;0.0644534;0.0216699;0.0644534;0.000738032;0.00453734;0.00121039;0.00627628;0.00212158;-0.000467881;0.00340987;0.00255371;0.420904;0.144917;0.470954;0.164786;-0.0822877;-0.0176119;0.212883;0.103075;-0.0056379;-0.00792862;0.0204809;0.0145901;0.0079723;0.000707079;0.0147747;0.00978132;0.379577;-0.193336;0.461159;0.212542;-0.0557803;-0.017054;0.158584;0.0341535;-0.0131807;0.00341173;0.0369626;0.011473;-0.000813277;-0.000255199;0.000955642;0.000380448;0.0244801;-0.00629061;0.0313274;0.0109982;0.0188642;-0.0507187;0.0222778;0.0507476;0.000619996;-0.0043023;0.00127064;0.00446895
0.00222209;-0.000782946;0.00299279;0.00104288;0.00158193;-0.000587628;0.00225655;0.000676201;0.00571242;0.0060961;0.00615346;0.00768385;0.0052643;0.010227;0.00534462;0.0102889;0.0108562;0.00905436;0.0191931;0.01297;0.191744;0.127021;0.200948;0.141353;0.177205;0.215623;0.234652;0.343036;-0.00143775;-0.000594449;0.00907411;0.0130611;0.0019778;-0.00186337;0.00468028;0.00410636;0.475102;-0.0644275;0.553755;0.104412;-0.108195;0.00542549;0.220361;0.130259;-0.00676096;-0.00296751;0.0298015;0.0150595;-0.000157695;-0.000150692;0.000314309;0.00038985;0.0143954;-0.0163349;0.029705;0.0297556;0.0341406;-0.032031;0.0534174;0.0381424;0.00263952;-0.00139963;0.00315407;0.00164477
0.000272997;0.000112299;0.000291506;0.000418539;-0.000508342;-0.000614586;0.00352151;0.00212473;0.0461272;0.0161155;0.0644989;0.0244963;-0.00288798;-0.00249106;0.00603226;0.00689445;0.00125926;0.00216505;0.00209961;0.00415954;0.00641787;-0.0694065;0.0803472;0.190008;0.391415;-0.0369943;0.510605;0.239861;-0.0123958;0.00186835;0.033772;0.00846548;0.000277982;-0.00269737;0.00297545;0.00373036;-0.0337075;-0.0225719;0.0992465;0.0555837;0.411729;-0.0680759;0.507186;0.15189;0.0129506;-0.00136942;0.0211227;0.00935999;-0.000238659;0.00117636;0.000786634;0.00199953;0.00102404;0.00724493;0.0150764;0.00857409;0.00887029;-0.0151842;0.0103255;0.0169621;0.00469353;-0.0100514;0.0048958;0.0101835
4.62183e-05;0.000260187;0.000206426;0.000517523;-0.000453085;0.0238558;0.00795497;0.0266155;0.0508569;0.0547302;0.0651723;0.0772284;-0.0019391;0.00779935;0.0035814;0.00943013;-0.00617424;-0.0064564;0.00794145;0.00854043;0.472804;0.0770613;0.511851;0.23786;-0.00669177;-0.0148475;0.210614;0.131075;-0.0159724;-0.0289304;0.0398256;0.0338763;-0.0128;0.00816367;0.0173104;0.0153353;0.252788;-0.145716;0.268987;0.188463;0.171958;-0.167081;0.247998;0.220163;-0.0119647;0.020465;0.0480223;0.0238943;0.00111197;-0.000473445;0.00116423;0.000660912;-0.00574971;0.00226448;0.00680525;0.00492773;0.0226412;-0.0316099;0.0313118;0.03768;0.00439427;-0.00556173;0.00451088;0.00596117
-0.00387732;-0.00330834;0.00387732;0.00331262;0.0631975;0.0411996;0.0703616;0.0496932;0.0353725;0.0307688;0.0371628;0.031987;-0.000209158;0.000116086;0.0010243;0.000877563;0.0112933;-0.00366998;0.0266966;0.012564;0.472184;0.0909223;0.500099;0.187478;0.0601449;-0.0302313;0.0844673;0.103272;0.00245582;-0.000960705;0.00582363;0.00452663;0.0358084;0.00680193;0.0368974;0.0128077;0.321428;-0.112793;0.356936;0.180423;0.136713;-0.13448;0.230346;0.262394;0.00315379;-0.00445863;0.00643464;0.0118048;0.00456906;0.00368366;0.00456906;0.00368366;0.0304519;0.0124348;0.0307342;0.0199288;0.0154066;-0.0029235;0.0203549;0.03792;0.00169067;-0.00231921;0.00188743;0.00313738
-0.000846906;0.000846877;0.00133739;0.00123951;0.0398267;0.0581225;0.0424573;0.0603043;0.0341294;0.0588629;0.0381249;0.0776714;-0.000863873;-0.000291382;0.00183581;0.00875558;-0.00588765;-0.000931311;0.00625254;0.00164079;0.445915;0.0208867;0.448753;0.0613286;0.00703735;0.0435447;0.047459;0.185214;0.00397207;0.0138051;0.0112224;0.021786;-0.00508208;-0.00157339;0.00671453;0.00238452;0.460047;-0.024929;0.486368;0.0398774;-0.0961856;-0.0612251;0.164553;0.139486;0.0202442;-0.0242893;0.036701;0.0950138;-0.00139816;-0.000256801;0.00161526;0.000411952;0.0733276;-0.00973391;0.0807855;0.00973391;0.00307306;0.00169335;0.00628191;0.00646536;0.000360247;0.00057832;0.000619282;0.0016433
0.00105598;0.000268215;0.00105634;0.000268575;-0.0108395;-0.0012732;0.0112579;0.00280864;0.0634553;0.0039666;0.0855554;0.0061789;0.000667707;-3.41634e-05;0.000724201;0.000345241;0.000288424;-0.00195369;0.00228864;0.0031059;-0.0372823;-0.0155013;0.0531334;0.0306583;0.438573;0.0100189;0.623477;0.0376807;0.00508302;-0.00226575;0.00701362;0.00257511;-0.00154647;-0.000451126;0.0022637;0.000678185;-0.0289612;-0.00176629;0.0418246;0.013472;0.308486;-0.14317;0.474163;0.22689;0.0443049;-0.0163444;0.0460687;0.0192217;-0.000247468;-9.87498e-05;0.000535335;0.000206354;-0.00268271;0.000598157;0.00417508;0.00531636;0.00521507;0.00626594;0.0158624;0.00920751;0.0088369;-0.00816759;0.0104324;0.00835068
0.0134745;-0.00368953;0.0140445;0.00541971;-0.00523675;-0.00370597;0.0773076;0.0199693;0.0197293;-0.00639632;0.0197293;0.00714903;0.0017344;-2.56223e-05;0.0017344;0.0005289;0.111573;-0.0157839;0.148039;0.0314152;-0.26736;0.0506753;0.449535;0.100283;0.338834;-0.0654603;0.338834;0.0692149;0.0118649;0.000626186;0.011904;0.0029277;0.050125;0.0249848;0.0856518;0.095152;-0.0621629;0.116854;0.356804;0.198171;0.203841;0.160766;0.211945;0.160766;0.00812615;0.00397473;0.00900054;0.0050849;0.000107179;0.00351639;0.00179762;0.00358233;-0.0579542;-0.139572;0.0748963;0.175779;0.0920864;-0.0657943;0.0925713;0.0936878;9.93666e-05;-0.00112616;0.000873593;0.00112616
-0.00513597;0.000858867;0.00954039;0.00531068;-0.0202387;0.00973776;0.044453;0.0246979;0.0608421;-0.00532161;0.0644934;0.00953163;-0.00625001;-0.000709966;0.00779624;0.00103336;-0.0699213;0.00547353;0.0794027;0.0194578;0.0300571;-0.192129;0.195068;0.340902;0.297228;-0.000506499;0.395068;0.07959;-0.0435226;0.00564071;0.0536759;0.0077667;-0.0679328;0.000437791;0.0794874;0.00806333;-0.102864;0.21317;0.250821;0.273545;0.388386;-0.015658;0.389324;0.0479362;-0.0371904;-0.00178244;0.0456554;0.00649141;-0.00537467;-0.000546127;0.0065248;0.00181679;-0.0256895;-0.0185862;0.0485507;0.0612269;0.0656543;0.00957563;0.0659833;0.00998161;-0.00642144;-0.000457666;0.00748867;0.000523068
0.00103315;0.000919867;0.00428262;0.00852762;-0.0106626;-0.0129239;0.0433007;0.0324536;0.0256484;0.00137544;0.0561684;0.022421;-0.00301149;0.00147894;0.004688;0.00190747;0.00114999;0.00189099;0.0191713;0.0144975;-0.0734829;0.0662308;0.354538;0.347473;0.107618;-0.00360915;0.398314;0.229085;-0.00908981;-0.000691067;0.0224424;0.00492065;-0.0152581;-0.00201848;0.0243989;0.00762597;-0.0561082;-0.00217067;0.289084;0.321006;0.0235188;-0.0283623;0.505561;0.202338;0.00280684;0.000501084;0.026449;0.00450129;0.00115496;0.00137156;0.00544711;0.00286291;-0.0181594;-0.00943115;0.0511828;0.0905152;0.0189419;0.0218579;0.0559106;0.0874712;0.00298509;-6.60872e-05;0.00531295;0.0010751
-0.00237012;-0.00103092;0.00617382;0.00157801;-0.0127274;0.00877153;0.0790302;0.0599927;0.025686;0.0173624;0.0429116;0.0681849;-0.000788544;0.00185954;0.005322;0.004276;-0.0662034;-0.00421417;0.0822261;0.00828042;0.0542799;-0.115266;0.290465;0.232541;0.121381;-0.034355;0.518747;0.104703;0.0317091;0.00210616;0.0342807;0.00968107;-0.101592;-0.0102362;0.114712;0.0119759;0.00648093;0.095541;0.206626;0.277043;0.20353;-0.00962712;0.520011;0.181817;0.00834811;-0.00963707;0.0395613;0.0619587;-0.0148926;0.000370938;0.0159259;0.000997424;0.0182278;0.0120427;0.053759;0.0399206;0.00643724;0.0217294;0.0849285;0.0447236;0.00296473;-0.00509789;0.00498165;0.00918032
-0.00329298;-0.0001529;0.00518384;0.00421536;-0.00846034;-0.00202896;0.035333;0.020911;0.0340711;-0.00672364;0.0667134;0.0170384;0.00425332;-0.000494398;0.0052412;0.00107405;0.00196771;0.00305283;0.0190813;0.00918517;-0.193961;0.0118215;0.30899;0.166162;0.32724;-0.0453907;0.46546;0.0804831;-0.0224536;7.80511e-05;0.0615163;0.00799973;-0.00473135;0.00172863;0.0250273;0.017081;-0.0907175;-0.0246042;0.247547;0.320629;0.253114;0.0562596;0.43971;0.197074;-0.0343761;0.0152426;0.0550598;0.015909;-0.00157969;0.000987924;0.00219391;0.00118231;0.00906876;0.0833958;0.0233206;0.0836231;-0.00751159;0.0024622;0.0236334;0.0287773;0.00306113;-0.00610202;0.00456538;0.0133223
0.00427103;-8.21538e-05;0.00503948;8.21538e-05;-0.00388963;-0.00258685;0.0160919;0.0026448;-0.0020677;-0.00468837;0.0132911;0.00468837;2.16961e-05;0.000217472;2.16961e-05;0.000217472;-0.0340732;0.000731727;0.0469113;0.0224158;-0.0997055;-0.0731146;0.338728;0.610175;0.189262;-0.0129794;0.274547;0.248088;0.0191756;0.000528616;0.0191756;0.0111483;-0.00805936;0.00366426;0.0354872;0.0170444;-0.0552377;-0.0362642;0.379283;0.224934;0.103313;-0.059692;0.243399;0.184917;0.0146444;-0.0124549;0.0196507;0.0155943;0.00496329;-0.00205744;0.00662846;0.00290479;-0.0343789;0.0137945;0.053906;0.029598;0.0106177;-0.0254995;0.0346142;0.0558336;0.00118534;0.00150174;0.00223296;0.00532977
0.00516263;-0.00779189;0.00739216;0.0125614;0.0249767;-0.115595;0.0273773;0.130921;0.00899686;-0.00589835;0.0212441;0.0182859;-0.00306206;1.05087e-05;0.00806859;0.00136597;0.0050826;0.0242951;0.035442;0.0953043;0.081511;0.0593094;0.447763;0.413097;0.1839;-0.0112664;0.303608;0.0288893;-0.0120414;-0.0033067;0.0528995;0.00421132;0.00809418;-0.0130656;0.0766999;0.0501572;-0.0148213;0.00478311;0.419434;0.142652;0.228937;-0.0129925;0.421338;0.0368322;0.0125566;-0.00192379;0.0343305;0.00409546;0.000397276;-0.000249193;0.010984;0.00317688;0.00754027;0.00471749;0.0306839;0.0367241;0.0227715;0.00598189;0.059536;0.00758389;0.00379704;0.000202661;0.00395092;0.000301337
-0.00411502;0.00661371;0.00712421;0.0144568;0.0146378;0.0305694;0.0267846;0.137757;0.0340633;-0.00546059;0.0478439;0.0551542;-0.00258184;5.96823e-05;0.00398999;0.00114979;-0.0165404;0.00901685;0.0339503;0.0553175;-0.0526439;-0.0450689;0.301925;0.415399;0.21082;-0.0617578;0.482604;0.0831152;-0.0230209;-0.00278434;0.0299192;0.00368939;-0.00558891;0.00603209;0.0149134;0.0335683;-0.0828404;0.0343331;0.358269;0.20678;0.230274;0.0511753;0.391491;0.0766783;-0.0276145;-0.00129224;0.0358249;0.00529643;-0.000842009;0.0010716;0.0034099;0.00198919;-0.0196256;-0.0277747;0.0406055;0.0710054;0.0454861;-0.00666327;0.0454928;0.0120399;-0.00402849;0.00040641;0.00616886;0.00106279
-0.00274289;0.000886539;0.00888406;0.00331488;0.0420975;-0.0026775;0.0632025;0.0179988;-0.0123464;0.00646962;0.0499596;0.012814;0.00406281;-0.000991123;0.00406281;0.00101315;-0.0672423;0.00867059;0.0764045;0.0135899;0.129388;-0.0111684;0.454791;0.158625;0.0935841;-0.0169416;0.438746;0.0595953;0.0493973;-0.00794152;0.0493973;0.0083519;-0.0421818;-0.00759425;0.0543405;0.0180869;-0.00140274;-0.0269004;0.282976;0.332787;0.202774;0.00691287;0.505767;0.0472149;0.0432418;0.0053083;0.0432418;0.0118026;-0.00566139;0.00641209;0.00635684;0.00736003;0.0156554;0.0834574;0.0266943;0.101456;0.0137513;-0.00490904;0.0376813;0.0388085;0.00249203;0.000955263;0.0031113;0.00415559
-0.000146165;0.000139336;0.000182916;0.000161436;-0.00132113;-0.000719992;0.00160273;0.000934506;0.047006;0.00719452;0.0819904;0.0132099;-0.00301687;-0.000523017;0.00359554;0.00062623;-0.00128625;0.000162581;0.00188449;0.00111624;-0.0122601;-0.00182849;0.0257853;0.0280346;0.357762;-0.00343711;0.632177;0.0419504;-0.0208784;0.000491245;0.0285131;0.00299156;-0.00241775;-0.00141622;0.00298157;0.00271413;-0.0125189;-0.0017543;0.022356;0.0176811;0.348017;-0.0237036;0.570918;0.0572146;-0.0148721;0.0034737;0.0209848;0.00350804;-0.000240957;-0.000299605;0.000316349;0.000394662;-8.64136e-06;0.000276657;0.00290903;0.0028552;0.040027;-0.0110712;0.0632825;0.0141367;-0.00100429;0.000272288;0.00144156;0.000406464
9.13787e-05;-0.000365725;0.000439051;0.000372831;0.0553221;0.00676872;0.0876239;0.0101021;-0.017379;-0.00465607;0.0198625;0.00505955;0.00384534;0.000747655;0.00400935;0.000794163;-0.00416896;0.000252815;0.00463302;0.00321805;0.354;0.00327779;0.608573;0.038768;-0.0681013;0.0123043;0.126776;0.0235239;0.0120066;0.00206585;0.0129455;0.00251595;0.000275075;-0.00016559;0.00228744;0.00191367;0.3579;-0.0462565;0.561063;0.0629015;-0.0452182;0.0136087;0.0912089;0.0175294;0.0075473;-0.000131178;0.00821181;0.00127959;-0.000443684;-0.000365672;0.00051191;0.000398314;0.0585996;-0.0174057;0.0713663;0.0189476;-0.00553322;0.000627849;0.0119099;0.00443383;0.00155793;-0.000205151;0.0015974;0.000231167
-0.000137697;-0.000180136;0.000372895;0.000319759;0.00134194;0.000944017;0.002355;0.00239252;0.049797;0.00485614;0.104429;0.00752072;-0.00108577;-0.000318406;0.00109063;0.000381951;9.58074e-05;-0.000682709;0.00136097;0.0033804;0.000388328;-0.0162327;0.0258628;0.0230217;0.35845;-0.0116557;0.646649;0.0405092;-0.00331343;-0.0005494;0.00493876;0.00158127;-0.000793424;-0.001934;0.00125225;0.00332512;0.000117369;-0.00904862;0.0210099;0.0137555;0.347321;-0.0329252;0.553227;0.0555868;-0.00278596;0.000160988;0.00441995;0.00122845;-0.000302364;0.000203041;0.000320264;0.000295441;0.000699679;0.000848745;0.00400877;0.00269914;0.0399147;-0.0073777;0.0558142;0.0131028;-0.000166272;5.35735e-05;0.000513992;0.000373776
8.2617e-05;-0.000676654;0.000209335;0.000690774;0.000760833;-0.00212532;0.00311899;0.00306993;0.0518437;0.00471094;0.0940422;0.0124603;-0.0016916;-0.000526539;0.00173884;0.000649172;-0.00140277;0.000652473;0.00240174;0.00133375;0.0031182;-0.00961348;0.0208815;0.0172616;0.39548;0.0106915;0.624036;0.0394016;-0.00328612;-0.00118444;0.00509418;0.00159528;-0.00314562;0.00132479;0.00421294;0.00411824;0.00978755;0.0198888;0.0247063;0.0287451;0.366647;-0.0157677;0.543781;0.0485122;0.000281514;0.000705326;0.0055162;0.0029542;0.000296312;0.000104605;0.000422508;0.000392178;3.6545e-05;-0.00161124;0.00333895;0.00334936;0.0428311;-0.0127951;0.0539764;0.0140416;0.000841061;-0.000448423;0.00116805;0.000742409
-7.01392e-05;9.29349e-05;0.000246001;0.000417955;0.000719142;4.01476e-06;0.00253723;0.00248248;0.0569756;0.00703565;0.0999902;0.0116979;-0.00112309;-0.000324524;0.00129402;0.000568832;-0.00321439;0.00167344;0.003529;0.00327433;0.00831195;0.0141;0.0276822;0.0284634;0.398453;-0.00203097;0.658808;0.0378792;0.000834117;-0.000312728;0.00468037;0.00262828;-0.00288063;-0.000252105;0.00534014;0.00377596;0.0131456;-0.0010529;0.0283594;0.0316266;0.362004;-0.0322917;0.49869;0.0550307;0.000862874;-0.00110394;0.00480043;0.00426276;6.7792e-05;5.05753e-05;0.000183202;0.000141582;-0.000883951;0.000815761;0.00357307;0.00171133;0.0402936;-0.00536297;0.0528106;0.00766129;0.00215549;-0.000459256;0.00223247;0.000926162
0.00118154;0.000546145;0.00177301;0.00119258;-0.00304639;-0.00581104;0.00683784;0.0094715;-0.00145451;-0.00935447;0.0028374;0.00969403;-0.000526198;-0.00271356;0.000567226;0.00275078;-0.0101806;-0.000358973;0.020727;0.00668727;0.146658;0.0908273;0.196022;0.185361;0.0224511;0.249063;0.061794;0.319052;0.00156819;0.0155241;0.00941326;0.0516311;-0.0100821;0.00161255;0.0120698;0.00265473;0.404108;-0.0482699;0.481305;0.0599979;-0.198079;-0.0803714;0.472751;0.190442;-0.0237078;0.00878502;0.0301764;0.0315657;-0.000392628;0.000307362;0.000620659;0.000384791;0.0306096;-0.00602895;0.0491484;0.00918414;0.00509588;0.000277071;0.111314;0.0157218;-0.00501161;0.00020611;0.00526864;0.00166308
-0.000195918;-0.000290656;0.000198061;0.000674782;0.0142141;0.00740742;0.0341716;0.021871;-0.0137713;-0.00921617;0.0181014;0.0141621;-0.000392975;-0.00204144;0.000748803;0.00206611;-0.0214839;-0.0121213;0.0215332;0.0135531;-0.0909178;-0.089819;0.318984;0.14445;0.0505281;0.00776601;0.16723;0.325301;0.0282855;0.0884326;0.0356708;0.111123;0.0161887;0.00464066;0.0500197;0.0133639;-0.197338;0.0715112;0.286209;0.0818763;0.432584;-0.0486686;0.572995;0.160662;-0.0151226;0.00741673;0.0983452;0.0503021;0.0043769;0.000984933;0.005385;0.00133509;-0.0131671;0.00330595;0.0153332;0.00457741;-0.00339526;0.000295844;0.0657728;0.021564;0.014584;-0.00487034;0.0324148;0.00992568
0.000896475;0.000543516;0.0019464;0.00125661;-0.00909334;-0.000236396;0.0172966;0.0022992;0.0292561;0.00157928;0.0532587;0.0272695;-1.8241e-05;-0.00211472;0.000995227;0.00668579;0.00357562;0.00279958;0.00642854;0.00312031;-0.0825205;0.0057383;0.10613;0.0125806;0.241943;-0.0063635;0.671973;0.0248108;-0.0238121;0.00418542;0.0295052;0.0130701;0.00235595;0.00162174;0.00353465;0.00186855;-0.104625;0.00367494;0.1062;0.00800695;0.245218;-0.00655018;0.609286;0.0245674;-0.0256263;-0.00364577;0.0292456;0.0220183;0.000267362;2.97657e-05;0.000401025;3.24389e-05;-0.0170402;-0.000618983;0.0182625;0.00102857;0.031986;0.00169199;0.0797348;0.00364241;0.00185441;0.00264361;0.00542945;0.0027458
-0.000121947;0.00030355;0.000162889;0.000344421;0.0666266;0.0150553;0.0824497;0.0166286;0.00543839;0.00108818;0.00833578;0.00179703;-0.00128404;-0.000299139;0.00128404;0.000299139;-0.000550545;0.000675468;0.00230992;0.00237121;0.424715;0.0390918;0.527022;0.0434061;0.0242615;-0.00748269;0.0506297;0.0130434;-0.00490945;-0.000359495;0.00490945;0.000871;-0.000233189;0.000953477;0.00286779;0.00419533;0.419302;-0.0320837;0.574505;0.0499584;0.00942019;-0.00967882;0.0256381;0.0124432;-0.0016576;0.000946161;0.0016878;0.0014344;0.000250177;8.59132e-05;0.000364461;0.000544795;0.0687294;-0.0130592;0.0859213;0.0188561;-0.00472903;0.0015224;0.00807365;0.00431224;1.81464e-05;-0.000149906;2.21519e-05;0.000153911
1.33997e-05;-0.00013478;0.000202183;0.000384682;0.0648142;0.0130897;0.0778683;0.0144542;0.00525734;0.00147028;0.00763801;0.00203998;-0.00128457;-0.000299742;0.00128457;0.000299742;-0.00103676;0.0028716;0.00256314;0.00343292;0.415522;0.0311458;0.543107;0.0377444;0.0206036;-0.00793389;0.0425754;0.0103207;-0.00393308;4.20252e-05;0.00393308;0.00105548;0.000981821;-0.000994247;0.00258171;0.00278982;0.415508;-0.0274468;0.572644;0.0504127;0.00154729;-0.00752606;0.0149545;0.0133591;-0.000644615;0.000492233;0.000679684;0.00130112;0.000178751;-0.000434438;0.000255538;0.000650118;0.0680875;-0.0153859;0.0841939;0.018797;-0.00479667;-0.000746912;0.00886285;0.00376199;5.88131e-05;-0.000218534;8.43538e-05;0.000303634
0.000538112;8.40505e-05;0.00065037;0.000603226;-0.00441901;-0.00203572;0.00594111;0.00307871;0.0494723;0.00523247;0.0879132;0.00715124;-0.000342988;2.55679e-05;0.000638013;0.000205811;0.00256389;-0.00168332;0.00299955;0.00295573;-0.021643;-0.00270326;0.0291858;0.0149852;0.359971;-0.000790012;0.614315;0.0379573;-0.00341521;0.000772465;0.00498802;0.0035921;0.000128509;0.00157749;0.00286822;0.00391765;0.00259235;0.00781308;0.0229169;0.0290985;0.337309;-0.0118263;0.595161;0.0672202;-0.00600654;0.00030157;0.00671452;0.00351687;-0.000108499;-9.17771e-05;0.000323783;0.000411026;-0.000450554;-0.00183267;0.00229277;0.00330821;0.0416307;-0.00554131;0.0592807;0.0108934;-0.00252198;0.000326208;0.00273053;0.000539129
0.000162139;-5.4683e-05;0.000401946;0.000303345;-0.000977233;-0.00210803;0.00413783;0.00377031;0.0494266;0.00872042;0.0873641;0.0123773;-0.00094577;-0.000428357;0.00100609;0.000681229;-0.00167271;0.000754227;0.00328766;0.00340693;-0.00143833;0.00508007;0.0244587;0.0254161;0.36341;0.0173878;0.638194;0.0486801;-0.00427122;-0.000139594;0.00447201;0.00224319;0.00255404;0.000583605;0.0032886;0.00215339;-0.0051378;0.00897894;0.0199827;0.0240493;0.355079;-0.0172359;0.557811;0.0519737;-0.00170746;0.00132843;0.00466656;0.00667267;0.000195921;0.000174963;0.000303028;0.000193564;-0.000475897;-0.00126073;0.00233619;0.00216561;0.0413225;-0.00958439;0.0532666;0.0138511;-0.000181461;-0.000487293;0.00308662;0.00483789
-0.000108753;0.000189182;0.000453438;0.000435274;-0.00613731;0.00234783;0.00688365;0.0031247;0.0478862;0.00510709;0.0774572;0.00855491;-0.000572384;-0.000211533;0.00123089;0.000404307;0.00314722;-0.00146976;0.00439676;0.00426841;-0.0359819;-0.00602844;0.0481337;0.0163809;0.355995;0.0056062;0.621237;0.033702;-0.00166594;0.000145664;0.00351567;0.00192609;0.00232572;-0.000383733;0.00327489;0.00351755;-0.0110207;0.00172749;0.0191506;0.0181567;0.327182;-0.0129495;0.596808;0.0551727;-0.00690239;0.000492373;0.00887526;0.00496846;0.000270112;0.000133995;0.000396016;0.000522523;0.00151107;-0.000466531;0.00291606;0.00443644;0.0414657;-0.00259823;0.065541;0.0134311;-0.00225706;0.000744375;0.00225706;0.000806514
0.000346672;0.00285003;0.00106262;0.00287145;0.019875;0.0143771;0.019875;0.0144165;0.00260706;0.00396369;0.00404942;0.004357;-0.000746544;-0.00159118;0.00079663;0.00177886;-0.000218097;-0.00115708;0.0160874;0.0187762;0.017792;-0.0793089;0.175131;0.353392;0.00102101;-0.0266869;0.0729559;0.526761;-0.00216194;0.000530687;0.00688408;0.0505865;0.0115595;0.0135492;0.0250289;0.0223338;0.13266;-0.0147466;0.571318;0.295846;-0.105458;0.0799206;0.243165;0.163063;-0.0125123;-0.00954959;0.0382584;0.0324859;0.00710627;-0.00166736;0.00710627;0.00180184;-0.0240352;0.000269438;0.0724267;0.0103166;0.0154037;-0.00633168;0.0634259;0.0143153;0.00499007;-0.000465286;0.0072147;0.00328587
-9.29996e-05;5.02449e-05;0.000106513;0.000184235;0.0582625;0.0153416;0.0735803;0.0194119;-0.0272799;-0.00563269;0.0323415;0.00893575;0.00423984;-0.000291886;0.00461466;0.00134816;-0.00115438;-9.69268e-05;0.00199236;0.00222659;0.327236;0.039242;0.576004;0.0611355;-0.153927;-0.00789653;0.174728;0.0341519;0.0317207;0.00612631;0.032907;0.00639475;-0.000875425;0.000158091;0.00129598;0.000869166;0.309019;-0.021331;0.587233;0.0315762;-0.100132;0.0125753;0.155439;0.0163423;0.014587;0.00335999;0.0156506;0.00435581;-0.000343445;2.84749e-05;0.000396214;0.000458498;0.0515362;-0.0082361;0.0800022;0.0111828;-0.0171162;0.00351877;0.0193683;0.00415654;0.00342426;-0.000687903;0.0036272;0.000732798
9.09665e-05;0.000134023;0.000150472;0.000339493;0.0549837;0.0154965;0.0971153;0.0196767;-0.0197481;-0.00502176;0.0197481;0.00683335;0.000847477;0.000569336;0.00182716;0.00138117;-0.00314721;-0.000458849;0.00530021;0.00271699;0.290264;0.0459862;0.592509;0.0779586;-0.156825;-0.0157125;0.157655;0.0193343;0.00853279;-0.00619184;0.0275671;0.00983182;-0.00971185;-0.00229217;0.0116395;0.00301652;0.260264;-0.00406183;0.603949;0.0248029;-0.150152;-0.00494251;0.153134;0.0174009;7.0532e-05;0.00273929;0.04137;0.00519157;-0.0011781;0.000565942;0.00154389;0.000580184;0.0373757;0.000639148;0.0884362;0.00731988;-0.0173535;0.00116033;0.0207869;0.0027882;0.00046396;0.00113129;0.00234031;0.00115354
-0.000204511;7.56558e-05;0.00026766;0.000168027;0.000235337;0.000211892;0.000831791;0.00134316;0.0362478;0.010716;0.0632169;0.0159042;-0.00346858;-0.000756896;0.00346858;0.000785676;-0.00100644;-0.000538037;0.00108947;0.000712502;-0.0030536;-0.0136839;0.0124483;0.0245153;0.30559;0.0311733;0.545375;0.0748724;-0.0197907;-0.00267183;0.0203885;0.00398361;-0.000601971;0.000202752;0.00111199;0.000991244;-0.00350621;0.0122554;0.0128551;0.019746;0.329683;0.00904756;0.68809;0.03349;-0.0196279;-0.000465855;0.0204251;0.00242319;-9.15952e-06;4.37529e-05;4.25466e-05;8.70009e-05;-0.00329365;-0.000973508;0.00359426;0.00191567;0.0477073;-0.00345786;0.0885884;0.00683663;-0.00218667;0.000235316;0.00223175;0.000319245
-0.000423295;-0.000217699;0.000707408;0.000382417;-0.0198697;-0.00868853;0.0462233;0.0146961;0.0380696;-0.00822357;0.0394304;0.00873595;-0.00649777;0.00139596;0.0206984;0.00225973;-0.00260626;-3.60769e-05;0.00911598;0.00927496;-0.245384;0.004841;0.412625;0.0683728;0.362868;-0.01985;0.362868;0.0345201;-0.0330341;-0.00110951;0.116061;0.00712943;0.0107414;-0.0093221;0.021641;0.0229694;-0.260138;0.0976459;0.291776;0.183499;0.354783;0.0370062;0.354783;0.059637;-0.0473305;-0.00671711;0.123483;0.0140335;0.00238264;-0.000479393;0.00292256;0.00270516;-0.0212788;-0.0108181;0.0330471;0.0151933;0.0450444;0.0101098;0.0450444;0.0103291;-0.0141433;-0.00254371;0.0254313;0.00401023
-4.44505e-05;-0.00010277;8.56375e-05;0.000117623;0.055167;0.0170654;0.0790637;0.0293052;-0.0139351;-0.00599534;0.0405727;0.0193224;-0.00229248;-0.00248788;0.00309778;0.00425818;-0.000190309;0.000642215;0.00118806;0.00173714;0.114891;0.0368092;0.60283;0.117097;0.0770824;-0.015126;0.187839;0.0860838;0.000743842;0.00548791;0.00652573;0.00961789;-0.000313284;-0.00088473;0.00207062;0.00344513;0.0691497;-0.00354554;0.67185;0.0362806;0.123383;0.0325833;0.248356;0.0433737;-0.00436272;0.00359194;0.00523141;0.00574488;-0.00029137;4.06399e-05;0.000301864;0.00020396;0.0294441;-0.00785561;0.0814417;0.0212456;0.00806696;0.00104183;0.0308997;0.00883048;-0.000325224;0.000182252;0.000627612;0.000182252
-1.83801e-05;-5.9521e-05;0.000227932;0.000160589;-3.63797e-05;0.000875517;0.00169768;0.00159431;0.0399872;0.00723559;0.0667608;0.0105335;-0.00358035;-0.00053904;0.00358035;0.000541184;-0.000130318;0.000160361;0.000884196;0.0019665;0.00131639;-0.00297186;0.00802329;0.0121727;0.3049;0.0174247;0.617114;0.0547186;-0.0179731;-0.00111137;0.0179731;0.00444332;-0.000460191;0.000357553;0.000869041;0.00114091;0.00635368;0.00593174;0.0113839;0.0176291;0.311977;0.000255041;0.63794;0.0268871;-0.0187034;0.00112407;0.0188193;0.00225075;-0.000170752;9.15921e-05;0.000202734;9.97046e-05;0.000972716;-8.18821e-05;0.00132375;0.000940875;0.041644;-0.00715604;0.0870307;0.0111207;-0.00357163;0.000334624;0.00361229;0.000496684
-0.000207393;-5.18723e-05;0.00046814;0.000397255;0.0481517;0.00646708;0.0879509;0.0108818;-0.0209173;-0.00423538;0.0209173;0.00484693;0.000436138;0.000189791;0.00126373;0.000407004;-0.0105602;-0.00197535;0.0116686;0.00315041;0.287521;0.0314628;0.617251;0.0561328;-0.150926;-0.0116987;0.150926;0.0261872;0.0151544;-0.00132645;0.0194277;0.0126559;-0.0184555;0.00129361;0.0202277;0.00268231;0.280666;-0.00690182;0.5705;0.0299167;-0.16411;0.0138473;0.16411;0.0221654;0.00498618;-0.00949798;0.026367;0.0148654;-0.00192156;0.000404337;0.00218877;0.000486994;0.0433824;-0.00546509;0.0966793;0.00820938;-0.0193404;0.00115457;0.0193404;0.00320836;-0.00202822;0.000661665;0.00491543;0.00128329
-0.000103721;-2.83777e-05;0.000185634;0.000118239;0.0636212;0.0241786;0.0821283;0.0334206;-0.0175187;-0.00884071;0.0436738;0.0218241;-0.00216199;-0.00258358;0.00324571;0.00452857;-0.000657521;0.000442043;0.00145945;0.00164265;0.162546;0.0433686;0.633551;0.123003;0.059208;-0.0158788;0.278727;0.0836131;-0.000473774;0.00397898;0.00642428;0.0111565;-0.0018839;-0.000582661;0.0024389;0.0033453;0.112246;-0.00522919;0.584352;0.0509181;0.120694;0.0504012;0.252139;0.0548592;-0.00457854;0.00531133;0.00541122;0.00555479;-0.000448504;-3.15285e-05;0.000467938;0.00034999;0.0375072;-0.0097571;0.0869893;0.0190814;0.00597056;-0.000657764;0.0345106;0.00896489;-0.00034186;0.000180593;0.000786;0.000180593
-0.000275872;-0.000188332;0.0005571;0.000361573;-0.0259549;-0.00442898;0.0343256;0.00643303;0.0344838;-0.00464952;0.0344981;0.00510913;-0.00466641;0.000844277;0.0187029;0.00157003;0.00287653;-0.00486579;0.00767747;0.00656987;-0.191463;-0.0783414;0.449485;0.0814097;0.28377;-0.00632054;0.295124;0.0332661;-0.0307974;2.47401e-05;0.12444;0.0116278;-0.00743955;-0.00261184;0.0155136;0.0115726;-0.187379;0.0125504;0.456002;0.0835428;0.365785;0.042319;0.365785;0.0493722;-0.0519741;-0.00851194;0.148357;0.0177245;0.00110742;-0.000377513;0.00408471;0.00263824;-0.0239951;0.00997053;0.0369865;0.0276893;0.0564663;0.0135968;0.0564663;0.0141857;-0.0211762;-0.00557341;0.0263518;0.00587622
-0.000100844;-2.90357e-05;0.000104556;9.49489e-05;-0.00134073;-0.00254101;0.00249852;0.00320369;0.0411637;0.00467635;0.0649852;0.00902892;-0.00425713;-0.000365314;0.00425713;0.000436235;0.000448872;-0.00043355;0.00170965;0.00139081;0.00188787;0.00724557;0.0132776;0.00982509;0.305467;0.0152705;0.59737;0.0328038;-0.0240852;-0.00165392;0.0240852;0.00269915;2.39566e-05;0.000546498;0.00125384;0.00190095;0.000282571;-0.0021369;0.00981263;0.0170669;0.317274;0.00499209;0.653722;0.0497655;-0.021861;0.000352548;0.021889;0.00571008;5.79452e-05;0.000125522;0.000182894;0.000182107;0.000962135;-0.00093016;0.00175971;0.00177161;0.0439783;-0.00384188;0.0835685;0.00752563;-0.00450432;0.000706613;0.00455258;0.000759832
-0.000235434;5.45757e-05;0.00031939;0.000137872;-0.00732301;0.000930488;0.00812295;0.00379545;0.0524345;0.0152277;0.0948609;0.02628;0.00215611;-0.00121288;0.00322974;0.00189578;-0.00138187;-0.000458216;0.00160039;0.000940467;0.295824;0.0253876;0.431345;0.0548637;-0.0107605;0.0152435;0.367085;0.06444;0.03408;0.00976578;0.0348519;0.0100282;-0.000524692;0.000186372;0.000843008;0.00107593;0.397844;-0.0186321;0.592137;0.0302935;-0.0908829;-0.0065894;0.191054;0.0345161;0.0326343;0.00265942;0.0335661;0.0048972;-2.85038e-05;3.69649e-05;0.00026739;0.000165059;0.006135;-0.00231635;0.0201304;0.00837239;0.0407341;-0.00410548;0.0859831;0.0106028;0.00349732;-0.000394747;0.00382205;0.000444203
-6.44427e-05;7.15438e-05;6.65499e-05;0.000252511;-0.00033734;-0.0014031;0.000823995;0.00259264;0.034517;0.00637067;0.0644951;0.0133369;-0.00384162;-0.00089199;0.00434949;0.00118781;-0.000194824;-8.55585e-05;0.00089732;0.00148598;0.00517834;0.00434481;0.0141906;0.0185118;0.296578;0.0450228;0.584559;0.0746198;-0.0220792;-0.00168693;0.0220792;0.00310298;-0.000853466;0.000492779;0.00104913;0.00113491;0.00789447;-0.000814415;0.0105938;0.00577113;0.319655;0.00525182;0.663857;0.030302;-0.0160758;-0.00228845;0.0163307;0.00274992;-0.000257554;-0.000104278;0.000259474;0.000123338;-0.00065576;-0.0041626;0.00213593;0.00692801;0.0469693;-0.0018669;0.0929707;0.00544084;-0.00159217;0.000278634;0.00214458;0.000679531
0.0341111;0.0104738;0.0377686;0.0119749;-0.0569806;-0.024827;0.0714366;0.0305931;0.0375835;0.0175539;0.0565782;0.0318258;-0.00269061;-0.00594081;0.00319237;0.00730961;0.102029;0.0267446;0.180158;0.0425639;-0.0844563;0.0102422;0.474748;0.160341;0.012814;-0.00971338;0.284262;0.185261;0.015122;0.0221117;0.0162995;0.0304394;0.0494288;0.0073692;0.146994;0.0109344;0.0419227;-0.120505;0.66824;0.141175;0.0468392;0.0680126;0.153823;0.10505;-0.0065825;-0.00154421;0.0076466;0.00813001;0.00719185;-0.000991556;0.021037;0.00175665;0.0138571;0.0135891;0.100619;0.0167479;0.00470325;0.00445702;0.0114445;0.00852028;-0.000295021;0.000392296;0.000832815;0.00091528
0.000380477;5.71459e-05;0.000804306;0.000363003;-0.00890398;-0.00175611;0.0350553;0.002751;0.0366678;-0.0033768;0.120746;0.00793703;-0.00164656;0.00135969;0.00281375;0.00135969;0.0039853;-0.00157046;0.0060285;0.00484821;-0.101431;0.00549074;0.212272;0.0189044;0.242451;-0.0221988;0.738561;0.0597808;-0.000848007;0.00166048;0.0102404;0.03339;-0.00299822;0.00807828;0.00391976;0.00837481;-0.11221;0.0300344;0.158315;0.137682;0.257251;0.014832;0.40862;0.138956;0.00309151;-0.00744839;0.0072645;0.0155946;7.4966e-06;0.000671507;0.000134598;0.000671507;-0.0259546;0.00218535;0.026136;0.00228991;0.0464127;0.00297552;0.0539232;0.0118169;-0.000394121;0.00320177;0.000400773;0.00323242
0.000139076;0.000375325;0.00149806;0.00054302;-0.0337443;-0.00033117;0.0361047;0.0032046;0.033131;-0.00357455;0.0902646;0.00535541;0.0157442;0.000133732;0.0166787;0.00142431;-0.000594398;0.00133819;0.0069915;0.00738313;-0.233052;-0.0100575;0.261031;0.0247464;0.225761;-0.017443;0.570418;0.0331567;0.0831227;-0.00292945;0.0890111;0.0388475;-0.00484389;0.00875908;0.0061075;0.00887012;-0.189691;0.0391505;0.215023;0.11883;0.218238;0.0359163;0.533973;0.149652;0.051112;0.0131498;0.0592663;0.0265001;-1.1137e-05;0.000705989;0.000189686;0.000830236;-0.0419845;0.000766858;0.0421395;0.00350805;0.0487658;-0.00528889;0.0513608;0.0145834;-0.000847172;0.000308979;0.000909055;0.00485285
0.000271516;0.000122414;0.000591767;0.000304272;-0.0314121;-0.00126251;0.0314121;0.00245316;0.0428623;-0.000325748;0.0928344;0.0035561;0.0057613;7.61007e-05;0.0112737;0.00074196;0.00534996;-0.00365745;0.00708986;0.00577069;-0.209236;0.00568081;0.217136;0.0277347;0.291302;-0.0139199;0.628076;0.0224989;0.0195817;0.00242548;0.0599502;0.0157369;-0.00385655;0.0105897;0.00477466;0.0105897;-0.156693;0.0386104;0.216956;0.157072;0.270185;0.0388403;0.464235;0.105397;-0.00299765;0.0250984;0.0632366;0.029975;-0.00036204;3.42053e-05;0.000466607;0.000389847;-0.0261095;-0.00538848;0.0307163;0.00615018;0.0447441;-0.0173477;0.0447441;0.0229431;-7.07649e-05;-0.00201172;0.00151293;0.00469149
-0.00183362;0.000142391;0.00185677;0.000235099;0.0258051;-0.000548482;0.0377903;0.00178823;0.00259517;0.00033388;0.0896968;0.00397469;-0.00307024;0.000431489;0.00321357;0.000622951;-0.0148371;-0.0011989;0.0150585;0.00181655;0.152567;-0.00824646;0.22852;0.0132513;0.0556246;0.00124971;0.664514;0.0255724;-0.0150943;0.00015566;0.0216569;0.00568335;-0.0181391;-0.000464011;0.0189885;0.00232532;0.118669;-0.0115412;0.179107;0.0135875;0.0517768;-0.0133729;0.638109;0.0396178;-0.00242028;-0.00739483;0.00899129;0.03883;-0.00179883;0.000597546;0.00272643;0.00198379;0.00820405;0.00402066;0.0207053;0.00644883;0.0184651;0.00550057;0.0777434;0.0115089;-9.89958e-05;-0.000473256;0.00121676;0.00129974
-0.0173904;-0.0058288;0.0219112;0.0059943;-0.00148267;-0.000743283;0.0603345;0.00594612;0.055707;-0.00355414;0.0560502;0.0105609;0.000350053;-0.00269434;0.000601807;0.00269434;-0.125714;-0.00514244;0.169567;0.0266763;0.0721667;0.0796679;0.402793;0.328856;0.223653;-0.0388352;0.233611;0.0793072;-0.000109394;-0.00626886;0.00171357;0.0062938;-0.125567;-0.00872157;0.244335;0.0155248;0.308383;-0.0817384;0.556188;0.128005;0.00255686;-0.0295476;0.145974;0.120063;0.0101294;-0.0094104;0.0107124;0.0100138;-0.0174692;-0.0011384;0.0370805;0.00180999;0.0426892;0.00881052;0.0719399;0.0112518;-0.00167186;0.00201289;0.0121659;0.00402423;0.000552204;-0.00053187;0.0024811;0.00146727
0.000373337;6.81507e-05;0.000563583;0.000121814;-0.0149795;-0.00170199;0.0250474;0.00203709;0.0346918;0.000706314;0.100669;0.00565479;-0.00142034;9.0149e-05;0.0032397;0.000615953;0.00246084;0.000550929;0.00498847;0.00225077;-0.116444;-0.00688354;0.18411;0.0154824;0.249019;-0.00566142;0.678876;0.0259364;0.00542897;0.00255737;0.0108563;0.0073926;0.00319298;-0.00060433;0.00624139;0.00448305;-0.120499;0.000349637;0.173953;0.0210664;0.218001;-0.0117824;0.559836;0.0335721;0.0172551;-0.00857319;0.0255724;0.0395168;-0.000343132;0.00126728;0.000454139;0.0013003;-0.0157889;0.00652746;0.0203839;0.0191825;0.0329701;0.00647412;0.0598588;0.016969;0.00155893;-0.00075311;0.00250977;0.00257127
-0.0153882;-0.00303934;0.0168265;0.00400699;0.078422;-0.0279789;0.0789773;0.0286383;0.00785604;-0.0184637;0.0131853;0.0186704;-0.00281781;-0.00410251;0.00281781;0.00410251;-0.12742;0.0302029;0.13095;0.0420291;0.495844;0.0387877;0.538017;0.0862278;-0.00950128;-0.0825703;0.0224134;0.0904621;-0.00431974;-0.00751443;0.00487137;0.00812229;-0.114899;-0.0274081;0.162781;0.0434706;0.30421;-0.0774268;0.373405;0.246025;0.0459174;-0.120263;0.0749542;0.128601;0.000117463;-0.00594595;0.00370439;0.00671866;-0.021847;0.00102832;0.0313219;0.00140126;0.0553184;0.00531987;0.0590535;0.00628586;-0.00607296;0.000583036;0.020127;0.0146323;0.00205776;-0.000887613;0.00216267;0.00132785
-0.00660471;-0.000520855;0.00724865;0.00113146;0.0869389;-0.00446441;0.0869389;0.00721552;0.00286804;-0.0192024;0.00444917;0.0192229;-0.000203495;-0.00384935;0.00142653;0.00384935;-0.0709641;0.0547496;0.0732714;0.0627306;0.517491;0.0238882;0.528116;0.0647249;-0.000606624;-0.0241792;0.0198459;0.0425351;-0.00150374;-0.00711951;0.00231439;0.00738896;-0.0276958;-0.0484319;0.0703066;0.0587583;0.263212;-0.0114442;0.423461;0.300536;0.0439035;-0.147444;0.0698775;0.154527;0.00107776;-0.00360678;0.00191486;0.00602747;-0.0112948;0.000305511;0.0121845;0.00123762;0.0584302;-0.00778182;0.0679408;0.012118;-0.00802464;0.00334031;0.0167093;0.0164988;0.00212086;-0.00300115;0.00241588;0.00306463
-0.00306094;-3.22019e-05;0.00307416;0.00013238;0.0309169;-0.0031907;0.0421246;0.00385673;0.00577702;0.000215164;0.111266;0.00589673;-0.00253967;-0.00278726;0.00340042;0.0031451;-0.0229999;0.00301444;0.0253418;0.005887;0.127946;-0.0119013;0.197278;0.0176041;0.0870973;0.00241519;0.752361;0.066192;0.000670323;0.0100295;0.013191;0.0273446;-0.0106194;-0.000138116;0.0174771;0.0131707;0.0271246;0.0527849;0.139969;0.122523;0.193179;0.0312215;0.499806;0.13604;0.00297417;-0.00379304;0.0113508;0.0167006;-0.00410688;2.14526e-05;0.00411188;0.000152089;0.0159942;-0.0156062;0.0233534;0.0159241;0.0225625;-0.000975465;0.029284;0.0163457;8.60382e-05;-0.0020856;0.000345131;0.00417788
-0.000382283;-0.000591851;0.000975732;0.000630183;0.0550245;0.0118822;0.0658097;0.0154993;0.0224306;0.0063109;0.0229712;0.00692233;-4.61925e-05;-6.59064e-05;7.91971e-05;0.000277116;-0.00363979;-0.00268389;0.00494188;0.00438182;0.475202;0.0492775;0.512825;0.0522266;0.0548261;0.0115435;0.0842718;0.014891;-0.000205306;-0.000976912;0.000205306;0.000976912;-0.00011551;0.00304513;0.00281861;0.00416923;0.459149;-0.0329656;0.502191;0.0442013;0.0574194;-0.00794681;0.0927612;0.0140155;-0.000322906;-0.000120514;0.000393803;0.000628488;-0.000523338;-0.00032867;0.000649513;0.000631739;0.052522;-0.0144538;0.0600535;0.0163291;0.02501;-0.0105182;0.0264906;0.0108903;-0.000460415;0.00029267;0.00049318;0.000367624
0.000126491;-6.32084e-05;0.000162064;0.000307485;0.000170715;-0.000382767;0.00116907;0.00136398;0.0604746;0.0121028;0.0617541;0.0121028;-0.00480317;-0.00103947;0.0051724;0.00112596;-0.000299738;0.00196891;0.00083601;0.00228719;-0.0131299;-0.0256128;0.0176195;0.0343397;0.481342;0.0176598;0.493477;0.0392655;-0.041833;-0.00279251;0.0487155;0.00348107;-0.00196851;-0.00224304;0.00254258;0.00416878;-0.00195371;0.0185964;0.022344;0.0406222;0.485189;-0.0240298;0.505633;0.0503709;-0.041756;0.00380207;0.0462526;0.0051234;5.93008e-05;0.000125214;0.000217302;0.000135786;-0.00104981;-0.000303106;0.00162473;0.0010725;0.060645;-0.00946984;0.0636648;0.0114429;-0.00473108;0.00108859;0.00473108;0.00115816
-0.000115337;-2.91607e-05;0.000400721;0.000107742;-0.00499631;0.0018153;0.00653024;0.00235947;0.04653;0.0132088;0.0496884;0.0139672;0.000181691;0.00133962;0.000300972;0.00208084;-0.00276311;0.0014611;0.00285783;0.00155583;-0.0313725;0.00196602;0.0437299;0.0202102;0.406512;0.034903;0.503725;0.0548051;0.00265022;0.00247638;0.00274265;0.00268932;-0.000514443;-3.62779e-05;0.00117581;0.00156725;-0.0327452;0.0160687;0.0358676;0.0240678;0.407714;-0.00671547;0.620683;0.0696285;0.00611383;-0.00173298;0.00629363;0.00244975;2.57727e-05;-6.16965e-05;0.000214515;0.000250292;-0.00118193;-0.00124998;0.00189055;0.00420157;0.0479597;-0.0122862;0.0767028;0.0180609;0.000310949;-8.66668e-05;0.000613301;0.000438156
0.00012648;-0.000385507;0.000280876;0.000444332;-0.00118292;-3.83341e-05;0.0016738;0.00345427;0.0488241;0.00847905;0.0798869;0.0116868;0.000686797;-0.000102883;0.000744089;0.000145851;-6.23227e-05;-0.000203616;0.00250888;0.00193281;-0.00609264;-0.0144084;0.0153496;0.0194655;0.373908;0.0209866;0.583152;0.0353996;0.00410068;-0.000614069;0.00412433;0.00154946;3.63777e-05;0.000153901;0.00205669;0.00335941;0.000440414;0.0128847;0.0111413;0.0156074;0.361853;-0.0400149;0.602631;0.0703879;0.00172992;-0.00134978;0.00268511;0.00195649;-8.15594e-05;-0.000267845;0.000391206;0.000267845;0.0001592;-0.000825295;0.00251164;0.00119069;0.0448324;-0.0068541;0.0709914;0.0142578;-0.000805995;0.000796508;0.000997719;0.000857084
-0.000391411;0.00050114;0.000454199;0.000512681;-0.00472742;-0.00174302;0.00712229;0.00413453;0.047917;0.015074;0.056204;0.0152988;0.000644955;0.00035879;0.00075834;0.000552;-0.00223951;0.000454201;0.00242092;0.00151984;-0.0400022;0.00871135;0.0472367;0.0183235;0.419398;0.0373454;0.508538;0.0639573;0.00670001;0.00170264;0.00670801;0.00279285;6.94801e-05;-0.000252092;0.00103844;0.00173834;-0.0277174;0.0115364;0.0344059;0.0306704;0.406813;-0.0174519;0.60534;0.0690086;0.00564908;-0.00206837;0.00591411;0.00206837;-5.59726e-06;-9.57542e-05;0.000236377;0.000467765;-0.00124635;0.00168165;0.0018057;0.00199891;0.0496535;-0.00980428;0.0816334;0.0171307;-0.000855216;0.000369823;0.00157283;0.000551678
6.62169e-05;-0.000197501;0.000193937;0.000197501;0.0574455;0.00920591;0.0774386;0.0128548;-0.0115541;-0.0024363;0.0165234;0.00299336;0.000846521;0.000114857;0.000924117;0.000115833;-0.002778;-0.000790776;0.00314835;0.0031679;0.347112;0.0282885;0.597643;0.0383362;-0.0318977;-0.000382319;0.114206;0.0145464;0.000499173;0.000280348;0.00144527;0.000902967;-0.00610388;0.000482899;0.00638546;0.0024349;0.361956;-0.0577721;0.578647;0.0632086;-0.0281006;0.0106878;0.117706;0.0141957;-0.000918713;-0.000304527;0.00126063;0.000493451;-0.000700526;0.000227751;0.000748152;0.000312333;0.0525163;-0.0160565;0.061679;0.0200958;0.000890035;-0.00285468;0.0169756;0.0067544;-1.09678e-05;2.47071e-05;0.000165879;0.000104788
-8.52604e-05;-0.000250775;0.000273942;0.000250775;0.059581;0.00744475;0.0851188;0.0109014;-0.017463;-0.00196418;0.017463;0.00196418;0.000793582;4.67969e-05;0.000848569;0.000218696;-0.00223553;0.000280974;0.00231758;0.00346076;0.360879;0.0213625;0.561425;0.0415562;-0.0866215;-0.00223062;0.0866215;0.0120925;0.0132989;0.000416553;0.0133877;0.00146298;-0.00248468;-0.00132547;0.0028052;0.00342663;0.402896;-0.0535794;0.561163;0.0655001;-0.121012;0.0127719;0.121012;0.0189062;0.0178619;0.000350675;0.0179614;0.00168575;-0.000565615;-0.000129986;0.000568434;0.000266729;0.0596297;-0.0109814;0.0760321;0.0147781;-0.0127347;-0.002111;0.0226072;0.00554049;0.00105823;0.000160691;0.00151961;0.00031511
-6.42469e-05;-0.0002955;0.000311516;0.000306502;0.0564823;0.0118639;0.0851594;0.0141406;-0.00962196;-0.00237663;0.0150309;0.0036913;0.000944525;0.000304088;0.000979889;0.000309037;-0.00454653;-0.000932085;0.00468728;0.00299311;0.349558;0.00483347;0.597183;0.0435051;-0.0311659;0.00214801;0.128389;0.0113535;-0.000107867;0.000122321;0.0011973;0.0005377;-0.00672465;0.00120399;0.00684036;0.00215915;0.371647;-0.062129;0.567965;0.0772825;-0.0252173;0.0111877;0.107201;0.0145312;-0.00101359;-0.000280822;0.00140565;0.000582743;-0.000780048;6.61822e-05;0.000800561;0.000345526;0.0518761;-0.0156173;0.0618053;0.020865;0.0039858;-0.00158869;0.012136;0.00616334;-1.46885e-05;-4.19322e-05;0.000113401;5.6115e-05
-9.31595e-05;-0.000204138;0.000247165;0.000688429;0.0530752;0.00910588;0.106323;0.0116058;-0.0106796;-0.00108114;0.0106796;0.00167905;0.00266009;0.000301571;0.00267968;0.000415343;0.000201733;0.00014788;0.00345128;0.00247893;0.342055;0.00185637;0.570569;0.0328796;-0.0664288;0.000504171;0.0830835;0.0118189;0.0190131;0.0029375;0.0192596;0.00314601;-0.00142778;-0.000207544;0.00245365;0.00201336;0.357302;-0.061546;0.612718;0.0710995;-0.0442925;0.00308291;0.0717062;0.0159909;0.0121778;5.18821e-05;0.0127559;0.000899012;-0.000355869;0.00010882;0.000377998;0.000355447;0.0576053;-0.0152018;0.0774235;0.0183472;-0.00304902;0.00199495;0.00485355;0.0028745;0.0013118;9.93844e-05;0.00136268;0.000157746
-0.000170739;6.74551e-05;0.000217053;0.000403805;-0.00250141;0.00101003;0.00601322;0.00257147;0.0463641;0.00548402;0.0920926;0.00987042;-0.00275342;-0.000577117;0.00275342;0.000581677;-0.00400525;-1.04699e-05;0.00407646;0.00278555;-0.0143433;-0.0102619;0.0244425;0.0177794;0.339436;0.00203558;0.672199;0.0288174;-0.00853838;-0.00123226;0.00853838;0.00188757;-0.00252472;-0.000842451;0.00287409;0.00190915;-0.023035;0.0158327;0.023035;0.02267;0.302002;-0.037037;0.563592;0.0570804;-0.0017616;-0.000706367;0.00439301;0.00248651;-0.00072199;0.000202154;0.000737748;0.00033073;-0.00102981;-0.0027818;0.00378548;0.00477883;0.0357783;-0.00546057;0.0554539;0.00881969;-0.000536523;-2.86248e-05;0.000996578;0.000369507
-0.00724908;0.000276142;0.00930347;0.000864281;0.0644984;-0.00247852;0.0776606;0.00892513;-0.0026825;0.00105525;0.00447398;0.00132823;-7.6369e-05;0.000204887;0.000208389;0.000309408;-0.0530401;-0.00375389;0.0597987;0.00596114;0.439349;-0.00316581;0.503812;0.0254713;0.00518305;0.0186717;0.031282;0.0452131;0.00151059;0.00330733;0.00292859;0.00364247;-0.053143;-0.00418747;0.0650089;0.00499739;0.48762;-0.0141321;0.524072;0.0237645;-0.000888679;0.0152921;0.0269288;0.0205109;-0.000615594;0.000565757;0.0014856;0.00178793;-0.00677448;-0.000704316;0.00739722;0.000843885;0.0712289;-0.00246156;0.0725625;0.00425421;0.00166947;-0.00101841;0.00428327;0.00318508;0.000190247;0.000177042;0.00055448;0.000492395
0.00212188;0.00250457;0.00308027;0.00271345;-0.0455677;-0.00363767;0.0472069;0.00371989;0.0541035;0.000675532;0.0547681;0.00467374;0.000191324;0.000137568;0.000286706;0.00044714;0.00709373;-0.00438407;0.0258161;0.00807008;-0.296862;-0.0311298;0.296862;0.0341472;0.404353;0.010976;0.418182;0.0187963;0.00234878;0.00204851;0.00275674;0.00237818;-0.00193699;0.000532256;0.020332;0.00900314;-0.231497;-0.0303;0.234785;0.0338564;0.407536;-0.00159501;0.431262;0.00956192;0.00133589;0.000178263;0.00310622;0.00138847;-0.0114698;-0.000315996;0.0116502;0.00219373;-0.0182745;-0.00132983;0.0184731;0.00261212;0.0592206;-0.000413453;0.0607659;0.00341876;-0.000387084;0.000670851;0.00046027;0.000708696
-0.00722372;-0.000862536;0.00792747;0.000939021;0.0727255;0.000643937;0.0781359;0.00215569;-0.00418581;0.00117183;0.00693612;0.00223038;-0.000308425;0.000221373;0.000319348;0.000290072;-0.037935;-0.00490869;0.0409184;0.00518863;0.486945;-0.00479337;0.499109;0.0168676;-0.00530469;0.0177334;0.0333342;0.0250701;6.14134e-05;-0.000594874;0.00161221;0.00246615;-0.0261165;-0.00361701;0.028038;0.0037749;0.478894;-0.00511731;0.495981;0.0142601;0.0240564;0.0206511;0.069551;0.0316765;-0.000449082;0.00318003;0.00129495;0.00354445;-0.00223771;-0.000264881;0.0023598;0.000392632;0.078062;-0.000390125;0.0808517;0.00334667;-0.00126654;0.00109827;0.00533008;0.00228237;9.48594e-06;0.000403891;0.000208451;0.000424176
-5.50817e-05;0.000144136;5.50817e-05;0.00020612;-0.000199777;0.000479148;0.00129489;0.00105371;0.0334467;0.0066383;0.0482187;0.0115817;-0.00276564;-0.000772673;0.0040095;0.00145712;-0.00111986;-0.000137985;0.0015074;0.00140985;-0.0158648;-0.0191897;0.0204605;0.0287229;0.316091;0.0338446;0.564084;0.0793729;-0.0137289;-0.000619606;0.0140717;0.00234801;-0.000728579;-0.00153342;0.00131716;0.00193536;-0.0208154;0.00325261;0.0224656;0.00917392;0.346268;-0.0184591;0.660022;0.0397946;-0.0108157;0.000993697;0.0108157;0.0022811;-0.000100546;0.000164782;0.000249718;0.000478778;-0.00307577;-6.66449e-05;0.00351895;0.00156688;0.0440929;-0.00912456;0.0869581;0.013023;-0.0028931;0.00053571;0.0028931;0.00053847
-0.000194543;-0.000246555;0.00041204;0.000427072;0.0594893;0.0201538;0.0928481;0.026582;-0.0148992;-0.00448459;0.0152886;0.00501914;-0.000218955;0.000220887;0.00136546;0.000590522;-0.0046906;-0.00113375;0.00474476;0.00128147;0.306698;0.0417913;0.610229;0.0797911;-0.0891616;-0.0105873;0.0891616;0.0171805;0.00874685;0.00360313;0.00990723;0.00360313;-0.00971198;-0.000141896;0.00991858;0.00264255;0.287122;-0.00179431;0.623501;0.0217732;-0.0755546;0.00447603;0.0769888;0.0116628;0.0124416;0.00283793;0.0124416;0.00367896;-0.000753294;-0.00015384;0.00102189;0.000377071;0.0430827;-0.00405522;0.0945931;0.0103488;-0.0091721;0.00248141;0.00939963;0.00282015;0.00127894;-0.000167735;0.00147795;0.000286367
-6.21572e-05;-0.00106753;0.000304617;0.00106753;-0.0512511;-0.00250284;0.0615218;0.00509881;0.0401493;-0.000953248;0.0946063;0.00280552;-0.00315217;0.000888303;0.00375346;0.00364062;0.00116353;-0.00614375;0.00155124;0.00614375;-0.3114;-0.00437118;0.337281;0.033121;0.279778;0.00546274;0.641366;0.0239065;0.0798383;0.0190559;0.0809309;0.0509809;-0.0011078;-0.0052177;0.00182582;0.0052177;-0.107504;0.104708;0.116878;0.127426;0.175082;0.0372425;0.392647;0.155555;0.00746284;0.00117362;0.0133055;0.0408111;-0.000229349;-0.000405633;0.000257466;0.000405633;0.00207696;-0.00364645;0.00229268;0.00378183;-0.00369481;-0.00498537;0.00421959;0.00503392;8.29278e-05;-0.000346447;0.000206872;0.000380076
